Channel URL,Total Video Count,Subscriber Count,Total Views Count,Channel Title,Published At,Video URL,Title,Description,Like Count,Comment Count,View Count,Update Time
https://www.youtube.com/channel/UCXxAXdFh-cuYXU289kd-pNQ,355000,324,91739352,全明星運動會,UTC+8 2021-12-14 04:00:11+08:00,https://www.youtube.com/watch?v=-M9CK7BhwR0,目標鎖定！他就是我的狀元！速度令人震驚、分隊令人震驚，錢姊一個指名，小傑的步調全部被打亂啦～各自組成最強陣容，紅藍正式成軍！全明星運動會S3 EP2：錢傑之爭｜永信藥品,"測試賽：【跳遠】、【50公尺游泳】、【美式躲避球】
終於要分隊了，大家能去到自己心目中的隊伍嗎？
#全明星運動會 #第三季 #分隊開始
加入頻道會員👉 https://rb.gy/tzx4nk
主播：徐展元、蔡尚樺
🔴紅隊領隊：江宏傑          🔵藍隊領隊：錢薇娟
🔴紅隊經理：粿粿              🔵藍隊經理：孟潔
🔴紅隊助理教練：喬巴      🔵藍隊助理教練：Choco
🧑🏻男選手陣容：賀軍翔、邱勝翊（王子）、楊奇煜、無尊、陳勢安、坂本宗華、徐謀俊、胡釋安、王品澔、王庭勻、吳霏、徐新洋
👩🏻女選手陣容：艾薇、黃沐妍、田依甯、焦曼婷、宇宙林思宇、貝童彤、李芷婷、胡祖薇、Nina、林昀希

🏆🏆🏆🏆🏆🏆🏆🏆🏆🏆🏆🏆
不搞笑！不做效果！全程玩真的！
全明星運動會，正式開戰！
每週二，中午12點，上架完整版！

⚠️還沒訂閱嗎？傳送門在這👉https://rb.gy/7uxlh5
👉全明星運動會FaceBook：https://rb.gy/c26gcu
👉全明星運動會Instagram：https://rb.gy/u82tvj
成為這個頻道的會員並獲得獎勵：
👉https://rb.gy/7uxlh5",8077,2345,1057848,UTC+8 2021-12-17 20:43:08
https://www.youtube.com/channel/UC6FcYHEm7SO1jpu5TKjNXEA,3450000,257,993724675,這群人TGOP,UTC+8 2021-12-15 11:01:43+08:00,https://www.youtube.com/watch?v=TzWhAj4JiOc,這群人 TGOP │斜幹青年球鞋店 The Slashie Shoes Store ft.周湯豪、澎恰恰,"所謂的銷售是什麼？
我們，是尋找街上光腳丫的人的他。
但絕佳的銷售技巧不是一天能學會的，今天有請我們的銷售大師
為我們示範如何推薦合適的產品給需要的客人。
而經營一間成功的球鞋店，是不能缺少有力金主董事的。
讓我們有請最懂金流的.............

#這群人 #周湯豪 #澎恰恰
特別演出：
 @澎恰恰 ：https://www.youtube.com/channel/UCwgNuA18O3bMA_FbseT5Lpg
 @周湯豪 NICKTHEREAL ：https://www.youtube.com/channel/UCLckyF2r09NQ9OXBZsv1Cyg
 @楊雯雯(黑鬼兒)  ：https://www.youtube.com/channel/UCMSKSgk5AkP1QO6m_S1mZKw

＊本影片拍攝遵守文化部防疫管理措施指引，全劇組含演員快篩陰性，工作人員均全程佩戴口罩。
支持群人  訂閱訂起來➔ https://tgop.pse.is/GWAQ6
A Day To Remember 播放清單 經典語錄系列➔  https://tgop.pse.is/M3HAM
來看這群人更多日常生活 ➔ https://tgop.pse.is/KZPB2
群人製作的都在這➔ https://tgop.pse.is/KB5Z4

演出：網路搞笑團體「這群人」This Group Of People a.k.a. TGOP。
註：戲劇效果、激動演出。

請調整為1080pHD觀看品質較高。

【更多影片 看起來！】
鄭茵聲 Alina Cheng 《回憶倒放 MEMORY REWIND》
https://youtu.be/KgCioY8MPIQ

展榮.展瑞 K.R Bros 《夏夜晚風 Summer Breeze》
https://youtu.be/BhAWjvIljL0

展榮.展瑞 K.R Bros《十分鐘的戀愛 Ten Minutes of Love》
https://youtu.be/uK8wzj7JLMY

展榮展瑞K.R Bros - 安靜了太久Not Anymore
https://youtu.be/uv85oswcER4

展榮展瑞 K.R BROS - 夜式人生 Night Owls 
https://youtu.be/o_rJEXm49H0

跟朋友出遊的傻眼事蹟
https://tgop.pros.si/3dghwj 

別人跟你想的永遠不一樣
https://tgop.pros.si/3c9ua3

過年讓你傻眼的事
https://tgop.pros.si/38yvwa

酸民的經典語錄
https://tgop.pros.si/3dq7sy

爸媽諄諄教誨的經典語錄
https://tgop.pros.si/3ch63p

看醫生的經典語錄
https://tgop.pros.si/3aqw2h

斜幹青年電影院 feat.安心亞 華森
https://tgop.pros.si/3ct5yl

敦親睦鄰的經典語錄
https://tgop.pros.si/3c465x

丟臉與難為情的瞬間
https://youtu.be/UiAXNCEj0us

鬧什麼系列–史上最麻煩客訴 
https://youtu.be/bc86S6cRfis

尷尬癌的經典時刻 
https://youtu.be/loRLLokVc5o

史上最扯電影解說「牛郎與織女」
https://youtu.be/WPeaLoX7u_A

打工的經典語錄
https://youtu.be/PWmXREMAxl4

口罩的經典語錄 
https://youtu.be/W9Pi_BvOiZ4

現代人生活壓力超級大
https://youtu.be/MbvSC7srU8Q

【工作邀約請洽詢】 
聯絡信箱 ：thisgroupofpeople@gmail.com",14589,706,547959,UTC+8 2021-12-17 20:43:08
https://www.youtube.com/channel/UCz_rK02a3hnmMOOUSmFQo2w,459000,1402,95461311,正常發揮,UTC+8 2021-12-16 15:17:06+08:00,https://www.youtube.com/watch?v=kk_CtLIvEbU,"【正常發揮PiMW】500萬人站出來!決戰48hr拉下騙子 獨家專訪高金素梅!轟蔡""我不得不戰""獨!電話""騙投不同意票""奧步曝光 骯髒也要贏?網怒:四個都同意了@正常發揮  20211216完整版","#決戰 #500萬人 #騙子 #高金素梅 #專訪 #蔡英文 #奧步 #曝光 #骯髒 #同意 #公投 #1218 #王又正 #正常發揮 #加入會員


📢加入正常發揮會員👉https://pse.is/3jfxf5
👉時常發揮的支持力量 每月$150
1. 專屬頻道訂閱徽章：在留言和聊天室中，你的名稱旁會顯示頻道會員徽章。
2. 可在留言和聊天室中使用的自訂表情符號。
3. 會員專屬商品折扣：快點購每月付費會員精選折扣商品，每月月初在YT「社群功能」中公布。
👉正常發揮的最佳觀眾 每月$300
1. 又正心口如一：還好有您，我站在風口浪尖也毫無畏懼！
2. 線上主播見面會：主持人在專屬直播聊天室中與您暢聊，一個月一次。
3. 會員專屬商品折扣：快點購將不定期推出更多的折扣！
👉如常發揮的忠實粉絲 每月$1,000
1. 又正肺腑之言：感恩有您，我縱遇群魔亂舞仍愈戰愈勇！
2. 又正帥照下載：每月月初在YT「社群功能」中限定會員下載獨家日常帥照+給會員的話。
3. 會員專屬商品折扣：快點購將不定期推出更多的折扣！
👉超常發揮的鐵桿盟友 每月$3,200
1. 又正掏心掏肺：因為有您，我誓言守護公義直到世界末日！
2. 獨家享有又正爆內幕影片。
3. 限量版首次見面禮：送1個專屬設計馬克杯給我們的VVVIP，又正會在包裝上簽名，僅限第一次加入時。
4. 會員專屬商品折扣：快點購將不定期推出更多的折扣！

📢加入全球大視野會員👉https://www.youtube.com/channel/UCiwt...
📢加入中天電視會員👉https://reurl.cc/pgZL9d 

⭐️買Jvita全能蜂膠挺中天 👉 http://cti.news/AA190c
⭐️Jvita蔓越莓極光晶萃氧蘊膠囊 👉 http://cti.news/AA192c
⭐️Jvita法國金膠原蛋白胜肽Collagen 👉 http://cti.news/AA191c
⭐️熱銷石墨烯懶人塑崩褲👉http://cti.news/AR059c
⭐️支持中天請上快點購👉 http://cti.news/AR001c
⭐️請選中天文創商品 👉 http://cti.news/AR044c

🔹中天新媒體，全球華人新勢力🔹
【中天新聞24小時直播】https://youtu.be/lu_BJKxqGnk​
【中天電視頻道】訊號若不穩定或收看品質不佳，請重新連結👉https://cti.news/ctiyt​

【中天聊天室規範】
 歡迎留言互動，請尊重各自立場、理性發言，請遵守本聊天室規範。
 違規者一經發現，將遭刪言或封鎖。
🚫禁止使用不雅、挑釁、謾罵、歧視、仇恨等言詞
🚫禁止任何形式洗版
🚫禁止散布不實訊息 
🚫禁止發表危害公共安全等涉及犯罪言論 
🚫禁止傳送鼓勵博弈、色情服務訊息
🚫禁止騷擾管理員與其他使用者
 📣管理員有權隨時修正規定 

中天YouTube頻道家族快速選單：
【中天電視頻道】https://cti.news/663
【中天新聞頻道】https://cti.news/dd4
【中天財經頻道】https://cti.news/5ql
【中天娛樂頻道】https://cti.news/z3k
【中天社會頻道】https://cti.news/9cv
【全球大視野頻道】https://cti.news/h0p
【正常發揮頻道】https://cti.news/5j0
【頭條開講頻道】https://cti.news/qao
【大新聞大爆卦頻道】https://cti.news/x0b
【新聞龍捲風頻道】https://cti.news/fv9
【姐的星球頻道】https://cti.news/shg
【中天新聞FB粉絲團】https://cti.news/2ni

⚠️「未經著作權人事先書面同意，勿將內容用於商業性質之分享、連結。」
「如有任何營業使用，必須事先取得書面同意」",30533,904,189892,UTC+8 2021-12-17 20:43:08
https://www.youtube.com/channel/UCLW_SzI9txZvtOFTPDswxqg,2180000,699,611679349,木曜4超玩,UTC+8 2021-12-16 15:30:12+08:00,https://www.youtube.com/watch?v=TEC-e4fHC6s,《一日系列SP》第二屆木曜跨界演唱會Awakening- EP2  feat. 9m88、ØZI、盧廣仲、老王樂隊、陳珊妮、旺福、宇宙人,"#木曜跨界演唱會 #邰智源 #Awakening

感謝乾爹↓↓↓
We are the best team！
妙管家殺手系列，專殺頑垢！ 
輕鬆解決油垢、皂垢、水垢、霉菌等難纏的污垢問題
過年大掃除讓你殺遍天下無敵垢
-
了解更多殺手：https://magic-amah-killer.tw/
殺手武器這裡買：https://shopee.tw/magicamah?page=0&shopCollection=131457826

感謝乾爹↓↓↓
不管您是已經都更或是準備要都更
#享好水 #不用等 選賀眾牌就對啦!!!!!
-
即日起~2021.12.31 凡購買賀眾牌家庭淨水/飲水產品
✨單筆滿萬 即可送 UP-26美肌沐浴器 或 UP-310 DIY抑垢淨水器
讓家人安心喝好水 用好水 ☺️    #您喝的水賀眾關心
詳情請上官網查詢: https://9000.com.tw/

感謝乾爹↓↓↓
🌸 《#夢想新大陸》阿部首款代言的手遊大作！快來遊戲內找她！
🌸立即下載，就送乙太跳跳龍和永久時裝！
🍀立即下載👉https://lihi3.com/l10lt
🍀FB粉絲團👉https://www.facebook.com/LandofDreams.TW
---------------------------------------------------------------------------

▐ 木曜跨界演唱會－Awakening《木曜4超玩六週年特別企劃》▐
▨ 演出日期：2021/12/25 (六) 木曜會員專場
                        2021/12/26 (日) 全民同樂場
▨ 入場時間：1330 (以現場狀況為主)
▨ 演出時間：1500 (以現場狀況為主)
▨ 演出地點：台北流行音樂中心
▨ 主辦單位：麥卡貝網路電視、華貴娛樂

跨界合作歌手：
9m88
ØZI
盧廣仲
老王樂隊
旺福
宇宙人

音樂總監：
陳珊妮

以上依英數字與注音符號順序排序

---------------------------------------------------------------------------

本片拍攝依據疫情指揮中心及文化部拍攝防疫管理措施執行

支持木曜加入深度會員：https://cbtv.tw/join
請訂閱我們的頻道：https://cbtv.tw/SubMuyao
第一時間看我們的新作品，參與直播！🙏🙏

主持人：邰智源、林柏昇KID、坤達、溫妮、泱泱、阿部瑪利亞
木曜四超玩 每周四晚上9點直播，網址：https://cbtv.tw/Muyao
或至play商店及app store搜尋下載「麥卡貝網路電視」

木曜專屬周邊↓↓↓
➤逛逛麥卡貝：https://shop.camerabay.tv/
➤蝦皮賣場：https://shopee.tw/muyao4.store

Youtube頻道資訊↓↓↓
➤訂閱木曜主頻道：https://cbtv.tw/SubMuyao
➤加入木曜會員：https://cbtv.tw/join
➤訂閱月曜一起玩：https://cbtv.tw/SubMuyao2

➤木曜的社群資訊
Facebook: https://www.facebook.com/Muyao4/
Instagram: https://www.instagram.com/muyao4/

➤主持人社群資訊
邰智源: https://www.instagram.com/taitaihome/
Kid: https://www.instagram.com/circuskidd/
坤達: https://www.instagram.com/hsieh_kunda/
溫妮: https://www.instagram.com/yuen_nnnnnn/
泱泱: https://www.instagram.com/lynnwu0219/
阿部瑪利亞：https://www.instagram.com/_abedesu/

本影片屬麥卡貝網路電視所有，未經授權不得任意下載、上傳或做其他利用。
歡迎分享影片連結。

本節目合作提案請洽cbpm@walkgame.com",8315,843,365897,UTC+8 2021-12-17 20:43:08
https://www.youtube.com/channel/UCgaEHWsvt6-m6fvnGS5gGxA,538000,1817,277950392,聲林之王 Jungle Voice,UTC+8 2021-12-11 16:00:13+08:00,https://www.youtube.com/watch?v=SL7PZCPifXI,【聲林之王3】EP2 完整版 群獸集結 J.Sheon隔空力推同理  李杰明快嘴RAP點燃叢林戰火 相愛相殺三搶一｜庾澄慶  徐佳瑩  徐若瑄  Lulu黃路梓茵｜Jungle Voice 3,"訂閱聲林之王：https://bit.ly/2YZ7iHi
加入聲林會員：https://bit.ly/3FJnm5g
三搶一上集完整版：https://youtu.be/VWfL0C6RcEI

日前首播「三搶一合作賽」亮點不斷，最新預告曝光更是令人驚豔。下半場選手的來頭同樣不遑多讓，有創作歌手九九、從《DD52》出道的KC以及桃子等，還有參加過許多歌唱比賽的李以樂，賽事令人期待。同時，頻道也將首次公開會員專屬內容，歡迎各路猛獸加入會員觀看，陪伴選手度過層層關卡吧。

首席導師：哈林 庾澄慶   徐佳瑩
飛行導師：徐若瑄
聲林花仙子：Lulu

---　♪♬♪　---
▸南畯鵬 李杰明 同理《You'll never know》純享版：https://youtu.be/pCA0ZO6aIts
▸Leaf葉穎對彩衣喊話私下交情曝：https://youtu.be/wcuAXnkVcrk
▸徐若瑄Diss功力爆發 哈林：上傢伙：https://youtu.be/U5wJxvEoeEI
▸金曲新人PK回歸選手 哈林眼珠要掉了：https://youtu.be/zDzVQALS6nI

---本集段落---
00:00 上集回顧
02:09 李拾壹/艾瑞瑞/莊佳霖《李白》
06:03 九九/李以樂/Lexa《傲嬌》
14:27 何昕澤/陳宥廷/朱育澄《讓我留在你身邊》
20:55 張凱喆/羅文彥/吳智健《你要不要吃哈密瓜》
28:13 鍾汶芸/劉芷融/陳柔安《落葉歸根》
34:52 段芸芸/謝雅柔/彭盈瑄《撥接》
35:16 殷殷/Jocelyn/KC《Can't Stop the feeling》
35:40 Lark/桃子/吳品誼《Future in your eyes》
36:27 蘇侯宇/謝祥寅/陳景皓《你就不要想起我》
40:34 黃琪珊/李欣庭/潘亭瑜《身後》
47:38 許郡庭/吳思遠/Ace《South Side》
53:58 潘志紘/熊義杰/薛尹《永不失聯的愛》
1:01:03 劉騰/鄺澤東/莊昱凡《妳是我最深愛的人》
1:10:23 喬琳/袁捷妤/陳夢凡《失重前幸福》
1:17:36 南畯鵬/李杰明/同理《You'll never know》
1:25:12 郭家瑋/郭子恆/金大為《如果有如果》
1:43:03 放聲週記｜學姊陳思綾
1:56:03 導師生存週記｜關關關韶文


---　ᴍᴏʀᴇ　---
▸《聲林之王3 正片》https://bit.ly/3ogNeQ8
▸《聲林之王3 精華》https://bit.ly/3Gi3wOX
▸《聲林之王3 純享版》https://bit.ly/2ZO52Zm
▸《聲林之王 放聲週記》http://bit.ly/2CLIc66 
▸《聲林之王2 正片》https://bit.ly/3xbKXIn
▸《聲林之王 正片》https://bit.ly/3snhQPo

---
#聲林之王 全新第3季播出時間：
［ETtoday］12/3起，每周五晚間9:00，於ETtoday主站、APP、ETtoday 播吧、星光雲Facebook、 聲林之王Youtube首播。完整版將於每周日0:00上架。
［台視］：12/4起，每周六晚間10:00播出。
［MOD CH315 ETtoday綜合台］：12/11起，每周六下午5:00播出。
［馬來西亞Astro 雙星頻道］：12/4起，每周六凌晨00:00 Astro Go/On Demand，12/5起每周日晚間 8:30 雙星頻道播出。
［新加坡StarHub 都會台］：2022/1/2起每周日播出。


#聲林之王3 #聲林3 #庾澄慶 #徐佳瑩 #徐若瑄 #Lulu",5052,1063,713085,UTC+8 2021-12-17 20:43:08
https://www.youtube.com/channel/UCMUnInmOkrWN4gof9KlhNmQ,,214,1068229686,老高與小茉 Mr & Mrs Gao,UTC+8 2021-12-15 13:14:15+08:00,https://www.youtube.com/watch?v=vGdg7YC0B6g,一個被封印的事件 | 老高與小茉 Mr & Mrs Gao,"【加入會員按鈕】https://www.youtube.com/channel/UCMUnInmOkrWN4gof9KlhNmQ/join
【出賣靈魂按鈕】https://goo.gl/VhzZeS
------------------------------------------------
相關鏈接：

超出你想象的深海世界
https://www.youtube.com/watch?v=dNmwPWRdv_0

人為什麼是人，人類最不可思議的六個特征
https://www.youtube.com/watch?v=EiWuajug1W4

【震撼】這是一部解開所有宇宙之謎的影片
https://www.youtube.com/watch?v=3QS5hyXpNyw

【震撼】2045年，人類究竟是滅絕還是成神
https://www.youtube.com/watch?v=WY4XLDBDyuk

目前第二長的一期，多重人格分裂
https://www.youtube.com/watch?v=QAGDGja7kbs

【震撼】智商200也無法解答，宇宙最大的謎團，時間
https://www.youtube.com/watch?v=6SkbNlWMG5w

【震撼】這是一部你明天還會再看一遍的影片
https://www.youtube.com/watch?v=odc0ajxCq2c

南極和北極，地球上最不可思議的兩個地方
https://www.youtube.com/watch?v=jSSIeOlIqu0

人類不能再次登上月球的真正原因真是難以置信
https://www.youtube.com/watch?v=2vzwtqhhJv8

現代技術也無法再現的七個奇跡
https://www.youtube.com/watch?v=KtDGWBqCmtk

人類的隱藏能力，從氣功到超能力還有另一個世界的存在
https://www.youtube.com/watch?v=3Okf8nOIVLY

人類不能知道的秘密，人族的故事
https://www.youtube.com/watch?v=JVOzntXOGRc

【震撼】海奧華預言，人類起源，耶穌是誰，金字塔之謎，你想知道的答案這裡都有
https://www.youtube.com/watch?v=1rUWY2z4wUk

他們究竟是誰？比金字塔還誇張的遠古文明
https://www.youtube.com/watch?v=vA7IJRaW0Eo

最神奇的星球，地球以及人類存在的真正原因
https://www.youtube.com/watch?v=BLpv9fCZqcs

天堂的證明，一個你這輩子都看不到的世界
https://www.youtube.com/watch?v=L8SZQPyB1c8

它的下面埋藏著關於世界末日的重要信息
https://www.youtube.com/watch?v=Q0pSMTLXvjo

一萬年後的世界不會比現在更先進的真正原因
https://www.youtube.com/watch?v=sWY1PtudTEA

1萬2千年前的這個裝置究竟是用來做什麼的
https://www.youtube.com/watch?v=NFH7IErIm3k

人類消失一萬年後，一切都不見了，只有它還在
https://www.youtube.com/watch?v=EW77R_D-XCw

目前最長的一期，只有五歲抬頭才能看懂的天能（信条）
https://www.youtube.com/watch?v=UiyWuEwxCNQ

人類的極限，壽命的極限是多少，可以多久不吃飯不睡覺
https://www.youtube.com/watch?v=VCIHVq2GISw

驚人證據揭示地下世界的存在，他們究竟是誰
https://www.youtube.com/watch?v=0AuaFv9pUYE

【摩羯座的人注意了】神就來自你們的守護星
https://www.youtube.com/watch?v=EkELAx2Uk1w

【震撼】亞特蘭蒂斯真的找到了，神，真的存在過
https://www.youtube.com/watch?v=QbcKVbL3VOQ

【完美犯罪】又一個超超超高智商的男人
https://www.youtube.com/watch?v=SSzJdSsLneI

【震撼】一切都不是巧合，2020真正的預言
https://www.youtube.com/watch?v=wGaTEf0e67U

【月球第三部】人類無法再次登月的另一種可能
https://www.youtube.com/watch?v=Udvl_VJoM94

地有多厚，帶你一起前往地核的旅行
https://www.youtube.com/watch?v=lRVSC97q8ew

KFK預言，目前爲止最可信的一個未來人
https://www.youtube.com/watch?v=ZTxc1YY64cM

【費米悖論】人類至今無法發現外星人的14種可能，越往後可能性越大
https://www.youtube.com/watch?v=N4xXGIrzKJs

病毒，進化
https://www.youtube.com/watch?v=_oBVDBVTKbU

2020，預言
https://www.youtube.com/watch?v=LJYCRLePR0g

目前信息量最大的一期，重力
https://www.youtube.com/watch?v=-TDVKQjmf7c

地球上最常見卻最神奇的東西，水
https://www.youtube.com/watch?v=7q88m5MQRhE

突然消失的百慕大三角
https://www.youtube.com/watch?v=kb3ZMhR66fY

人類瘟疫史，存活下來的唯一方法
https://www.youtube.com/watch?v=K4t6nF8dDHQ

目前介紹過的最厲害的一位，此人兩歲就能抬頭
https://www.youtube.com/watch?v=t_WGhKQ7xqI

【震撼】進化，從1859到2020
https://www.youtube.com/watch?v=yNFgOL-7nOw

【震撼】諾亞方舟，不是神話而是預言，漢字中隱藏的秘密
https://www.youtube.com/watch?v=czNMh9kVhIE

【震撼】史上最深奧的話題，意識
https://www.youtube.com/watch?v=wraBVnAfunc

【射手座的人注意了】你們的守護星太危險，風速每秒三百公里，木星
https://www.youtube.com/watch?v=dr9ISxjOO00

怕海的人不要看，真實的美人魚
https://www.youtube.com/watch?v=3cHZfgSqPa4

【震撼】地球歷史的最大謎團，大洪水
https://www.youtube.com/watch?v=w69h0zCso-o

十年內將會消失的職業，你如果正在做這些工作最好盡快轉行
https://www.youtube.com/watch?v=Mshz9DxQLbE

你所不了解的天空的世界
https://www.youtube.com/watch?v=x1QyVwFRrIg

【震撼】世間萬物的壽命，地球上唯一永生的生命
https://www.youtube.com/watch?v=z7_3A3FuKKc

中國古代全都是外星人，而且和蘇美神話居然是一樣的
https://www.youtube.com/watch?v=nPnNQNCoC9M

你的生日數字相加等於幾？如果等於369，那你註定不平凡啊
https://www.youtube.com/watch?v=KQv0lEaDGco

【都市傳說】兩個未來人的預言實在太準太可怕
https://www.youtube.com/watch?v=jeqH4eMGjhY

目前最快的影片，速度的世界
https://www.youtube.com/watch?v=yf7S1s37des

七個可能毀滅世界的科學實驗，其中三個還在進行中
https://www.youtube.com/watch?v=ElqnKNkiyHA

神作！星際效應，用最簡單的方式告訴你什麽是五維時空
https://www.youtube.com/watch?v=KefYmjM0E7g

出賣靈魂的正確方法，魔鬼聖經
https://www.youtube.com/watch?v=0vomd4ymSLc

【標題沒寫錯】最接近最接近神的男人的男人，馬斯克
https://www.youtube.com/watch?v=Rw6uwff3RTU

可怕的巨大史前生物，我們該慶幸它們已經滅絕了
https://www.youtube.com/watch?v=BXybSLUlFvM

波羅的海下的巨大圓盤，它在這裡14萬年了
https://www.youtube.com/watch?v=QAbx4ruDEm0

【震撼】5G，6G，7G，8G，愛無所不在
https://www.youtube.com/watch?v=SYwrYdKOk50

找到了探索黑洞內部的唯一方法 
https://www.youtube.com/watch?v=eblocB9LzsA

世界上最貴的東西
https://www.youtube.com/watch?v=2FLYgFa2ZyI

目前最細思極恐的一期，二十五號宇宙
https://www.youtube.com/watch?v=htz2xCJb3Lc

【震撼】舊約聖經中記載的人類起源才是真實的
https://www.youtube.com/watch?v=iEeBnhMadkk

雪山上發生的最不可思議的事
https://www.youtube.com/watch?v=8Y-l9WaOd_w

世界上最富有且最神秘的家族，羅斯柴爾德
https://www.youtube.com/watch?v=SLRLVna14BU

隕石，有什麼東西正保護著我們
https://www.youtube.com/watch?v=GJ8VBKwsMGo

人類雖然無法再次登上月球，但卻可以登上太陽的真正原因
https://www.youtube.com/watch?v=Ep803Xiso5E

世界上唯一一個仍然在使用魔法的國家
https://www.youtube.com/watch?v=_HZHXVqhayc

火星，越看越像尼比魯
https://www.youtube.com/watch?v=2GU9kis1hDo

看得見摸得著卻無法解釋，世界上最大的謎團，第一集
https://www.youtube.com/watch?v=Ttus8XGK6Xw

過去可以被改變的真正原因，被討厭的勇氣
https://www.youtube.com/watch?v=5cZxZCbcOQw

恐龍滅絕的真正原因
https://www.youtube.com/watch?v=Bw43lOuzmpg

------------------------------------------------
推薦播放列表：

【未來】https://goo.gl/Bq54h5

【傳說】https://goo.gl/CpmK2Y

【心理測試】https://goo.gl/wf5dp5

【奇趣】https://goo.gl/Tbpiuj",51172,4460,1982720,UTC+8 2021-12-17 20:43:08
https://www.youtube.com/channel/UC7ovu6a8ydIbDy0fAKmoZ9A,2570000,1725,3286858487,相信音樂BinMusic,UTC+8 2021-12-16 12:00:19+08:00,https://www.youtube.com/watch?v=caxiOmSWWEM,告五人 Accusefive [ 好不容易 Finally ] Official Music Video  ( 戲劇《華燈初上》片尾曲 ),"「你真的好煩，離開你好不容易。

還以為過了幾年，我不會因為你，
而泛起一丁點漣漪。
沒想到…
我會因為，『曾與你有過的快樂』
跌進你揮之不去的身影…

從廚房到陽台，
從浴室到臥房，
無孔不入，
連逃離，我都必須小心翼翼，

而事實上…你並沒有真的進入我現在的生命，
是我不甘心，我不甘心你成為了別人，
我以為 我們還是我們。

我擋得住你的好你的壞你的溫柔你的不體貼
但我擋不住自己...

好不容易離開你。」


特別演出：林心如 Ruby Lin

-

告五人〈好不容易〉- 戲劇《華燈初上》片尾曲
🎶線上聽：https://stars.lnk.to/Finally

-

 / 音樂製作 /

製作人 Producer：陳君豪 Howe@成績好工作室
編曲 Arrangement：告五人 Accusefive

吉他 Guitar：潘雲安 Pan Pan An
貝斯 Bass：陳君豪 Howe
鼓 Drum：林哲謙 Richard Lin
合聲編寫 Backing Vocal Arrangement：潘雲安 Pan Pan An / 犬青 Quan Qing
合聲 Backing Vocal：潘雲安 Pan Pan An / 犬青 Quan Qing

人聲錄音師 Vocal Recording Engineer：葉育軒 YuHsuan Yeh
人聲錄音室 Vocal Recording Studio：BB Road Studio
鼓組錄音師 Drum Recording Engineer：錢煒安 Zen Chien
鼓組錄音室 Drum Recording Studio：112F Studio
混音師 Mixing Engineer：黃文萱 Ziya Huang
混音室 Mixing Studio：Purring Sound Studio
母帶後製工程師 Mastering Engineer：黃文萱 Ziya Huang
母帶後製錄音室 Mastering Studio：Purring Sound Studio
製作助理 Production Assistant：沈冠霖 SHNEB

/ 影像製作 /

演員 Cast｜林心如Ruby Lin
邱昊奇David Chiu

製作公司 Production｜歐哲綸有限公司 ouchelun films
導演 Director｜歐哲綸Chelun Ou

製片團隊Production Team｜其它映像工作室Other Films
製片 Producer｜石芳綺 Kiki Shih
執行製片Line Producer｜許花Amber Hsu
場景經理Location Manager｜林庭佑 Yu A Lin
現場製片組On-set Production Crews｜陳泓霖OA Chen

攝影師Director of Photography｜李儒杰Roger JC Lee
攝影大助 Focus Puller｜鍾佳育Kevin Zhong
攝影組 Camera Crew｜藍嘉祺 Jia Qi Na、李祖源Zu Yuan Lee
攝影器材 Camera Equipment｜妄想機影音製作Mirager Production House

燈光師 Gaffer｜魏琥玹Hu Hsuan Wei
燈光組 Grip and Electric｜楊青翰 Ching Han Yang、羅煒Wei Lo、游凱翔Kai Siang Yu
燈光器材Lighting Equipment｜視動影像Visionary Creature

美術指導 Production Designer｜楊雅珺Ya Chun Yang
執行美術Art Director｜袁筱凡Xiao Fan Yuan
美術支援Art Department｜賴俊錡Chun Chi Lai、謝承頤Gary Hsieh、張軼峰I Feng Chang

林心如經紀人Ruby Lin’s Manager｜陳雨凡 Yu Fan Chen
林心如經紀助理 Assistant to Ruby Lin｜林慧敏 Hui Min Lin
林心如造型師 Stylist to Ruby Lin｜邱美寧 Mei Ning Chiu
林心如化妝師 Makeup Artist to Ruby Lin｜陳怡俐 Yi-Li Chen
林心如髮型師 Hair Stylist to Ruby Lin｜姚介堃 Ethan Yao

邱昊奇造型師Stylist to David Chiu｜張薰尹Hsun-Yin Chang

剪接師 Editor｜謝佩芬 Summer Sha
調光師 Colorist｜林柔以 Zoe Lin

其他演員 Background Actors｜
廖婕涵、鄭坤祐、蔡長育、梁盛鈞、劉軒宇、吳宇凡、林華懌、吳政儒、
李日熙、張翔瑋、鄒宥綸、呂志文、侯宥群、曾榆淵、賴韋志、黃煜仁、
李日熙、曾偉修、王博賢、賴韋志、王博賢、黃銘哲、劉俊宏、吳政儒、
朱信宇、洪郁修、許振益、劉軒宇、王冠勲、王振宇、陳世川、莊竣閔、
林鵬庭

-

▍好不容易
詞、曲 / 告五人 雲安

城市滴答
小巷滴答  
沈默滴答
你的手慢熱的體溫

方向錯亂
天氣預報
不準
雨傘忘了拿  
我的手無處安放

包括我的心
像旋轉木馬

或許這就是註定
註定失敗的結局
成熟帶來的孤寂
如滾水在心中滿溢

我的心
你放在哪裡
或許你
根本就不在意
錯把承諾當有趣
怎麼對得起
你我炙熱的痕跡

你的心
你放在哪裡
再追究
也毫無意義
接受慌亂的思緒
總比到頭來
面對無聲的失去
無法開口
說聲好不容易

我的心
你放在哪裡
或許我
也不再沈迷

結束不安的遊戲
認輸就可以
自由自在的掏心
終於開口

說聲
好不容易

#告五人 
#好不容易 
#華燈初上片尾曲


‥‥訂閱・相信‥‥‥‥‥‥‥‥
▶ 訂閱相信音樂YouTube官方頻道
– MV首播、新歌搶先聽、獨家花絮
http://bit.ly/YTBinMusic​

按讚相信音樂官方FB Like on Facebook
– 官方訊息公佈、即時照片
https://www.facebook.com/ibinmusic​​

➩ 告五人OFFICIAL ➩
★ YouTube：https://bit.ly/AccusefiveYT​ 
★ facebook：https://www.facebook.com/accusefive​​
★ instagram：https://www.instagram.com/accusefive/​​
★ Weibo：https://weibo.com/u/6207194144",6308,191,176961,UTC+8 2021-12-17 20:43:08
https://www.youtube.com/channel/UCGbqa6zyWmkOJHp5QefjTrg,541000,520,89513191,High A Day,UTC+8 2021-12-16 13:00:13+08:00,https://www.youtube.com/watch?v=nf3yY3VzBOo,比地獄還可怕的釜山兄弟福祉院?到底是甚麼樣的地方呢?,"被稱作是韓國版集中營的釜山兄弟福祉院
佔地8000多坪 多達60棟建築物的小型社會!?

加入鵝鵝教 https://pros.is/3t323n
影片中飾品""Cozy White"" 
台灣賣場 https://shopee.tw/cozywhite_official.tw
韓國賣場 https://www.cozywhite.co.kr/
=======================
▷台灣妞Instagram: hxyxlx421
▷台灣妞Facebook: http://pesc.pw/3ennbj
=======================
▷喜娜Facebook: http://pesc.pw/3ehbzw
▷喜娜Instagram: hinatsai620
=======================",3638,201,109371,UTC+8 2021-12-17 20:43:08
https://www.youtube.com/channel/UCL0nUGGy5xDMEmI91tJh1OA,22200,31,1521193,婚禮歌手,UTC+8 2021-12-14 04:00:08+08:00,https://www.youtube.com/watch?v=d5xafNaSi2E,金曲歌王駕到！蕭煌奇溫馨整人計畫暖哭新娘？突現身婚禮一開嗓驚呆眾人？！【#婚禮歌手】20211212 完整版 EP3 蕭煌奇 黃子佼 LULU,"快來訂閱《婚禮歌手》►►https://www.youtube.com/channel/UCL0nUGGy5xDMEmI91tJh1OA?sub_confirmation=1

主持群：黃子佼 LULU
婚禮歌手：蕭煌奇
新人： 林暘斌 朱禹璇
看更多《婚禮歌手》▶ ▶https://www.youtube.com/playlist?list=PL5_ZEfjxIbflXua4tN9cFQhBv3s2FZLK9

「婚禮歌手」獻唱藝人竟是主持人LULU，公布那一刻新人當場傻眼，嘴上說沒關係，但失望全寫在臉上！原來一切都是主持人黃子佼與LULU的演技，明星婚顧整人計畫設計新郎最愛的偶像，金曲歌王蕭煌奇出其不意，快閃文定宴，果然新人看到真正的婚禮歌手登場，新娘當場爆哭、新郎也完全驚呆，但是只有這樣嗎？！蕭煌奇還帶來怎麼驚喜？讓新人感動、現場尖叫！全台最幸福的實境節目「婚禮歌手」，就在週日晚間10點，東森綜合32頻道，感動登場！

#婚禮歌手 #黃子佼 #LULU #婚禮 #蕭煌奇 #歌手 #結婚 #Wedding #金曲獎 #結婚 #婚禮顧問 #文定 #傳統 #感謝你愛我 #好好先生

★關注【婚禮歌手】粉絲團►► https://bit.ly/3o3Ld9D
★追蹤【婚禮歌手】IG►► https://bit.ly/3rpvi7M
★羅時豐搭檔嗆辣小禎【今晚開讚吧】！►►https://www.youtube.com/playlist?list=PLemzfJrxLjZr7zH8FLgezozIKnvqHsLL0
★各國大小事【2分之一強】►►https://www.youtube.com/playlist?list=PLyi-Ztspx3ak8Y5MFFSlMiUi4hSAUjVCl
★健康醫療知識【醫師好辣】►►https://www.youtube.com/playlist?list=PLL4ugceG1iyeMfbLvWecAs3re_dOBHR9f
★女性必看寶典【媽媽好神之俗女家務事】►►https://www.youtube.com/playlist?list=PLf4Dzm4zX_nVns1du43OHmjP4XBxU15FL
★和曾國城一起動動腦【全民星攻略】►►https://www.youtube.com/playlist?list=PLktxyvtfjgOO3q9B8C2dkcad5m0Z89pQD",2396,398,145131,UTC+8 2021-12-17 20:43:08
https://www.youtube.com/channel/UCIECJyQ6meDyN-UnVHgXAMA,1440000,9919,1410927219,台灣達人秀,UTC+8 2021-12-16 12:00:27+08:00,https://www.youtube.com/watch?v=qYg9GyH363A,【陪妹妹參加海選自己卻爆紅！ 哥哥穿透嗓音一開口驚艷全場】｜@NYLE 奈耳,"陰錯陽差的爆紅！但是歌聲真的很治癒~~~😍 (仙女編)

#創作授權【@NYLE 奈耳 】 
👉https://youtu.be/h7YKijjo6a0

#英國達人秀 #一夕爆紅 #海選  #療癒嗓音 #驚艷全場

👉追蹤我們
ℹ  官方網站： https://www.ttshow.tw
ℹ  Facebook：https://goo.gl/vchPuZ
ℹ  Youtube：http://bit.ly/ttyoutu
ℹ  Instagram：http://bit.ly/ttshowig

👉超人氣新媒體 Supermedia&Crespark
ℹ 官方網站  https://www.supermedia.cool/
ℹ 客服信箱  service@supermedia.cool",6492,214,474706,UTC+8 2021-12-17 20:43:08
https://www.youtube.com/channel/UC1pj9ugnv0PKVNK79CKV3Kg,,623,23420014,星娛樂,UTC+8 2021-12-15 12:00:18+08:00,https://www.youtube.com/watch?v=fyCdmj9KCAo,8年婚姻就此告吹！前妻李靚蕾含淚曝光 內幕驚人，閃婚閃離背後另有隱情，王力宏真實性向瞞不住！#星娛樂#李靚蕾#王力宏#,星娛樂，用最簡單的方式帶給你們最精彩的娛樂資訊，娛樂之事，娛圈之道，真真假假，快樂至上。,879,76,152753,UTC+8 2021-12-17 20:43:08
https://www.youtube.com/channel/UCRG28JCnJwuZH06ETKTTZdA,716000,267,108384651,路路LULU,UTC+8 2021-12-15 12:00:19+08:00,https://www.youtube.com/watch?v=S_schWaZjQE,挑戰大王麻辣乾麵！不愛惜生命的人真的很多…差點送醫急救？！ (大食い/먹방/Mukbang)｜路路LULU,"成為這個頻道的會員並獲得獎勵：
https://www.youtube.com/channel/UCRG28JCnJwuZH06ETKTTZdA/join

#大王麻辣乾麵 #辣哭了 #辣度天花板
------------------------- 🦌-----------------------
▶️路路錄LULU：https://www.youtube.com/channel/UCX7DIhDCIc4cWb4Ni5y1YTA/feed

▼IG : https://www.instagram.com/yuzi_lu/

▼FB粉專：https://www.facebook.com/MissLulu0715

,.♫__________♪_________♫,.
     如果覺得下飯的話
       請別忘記訂閲我
  也別忘記開啓小鈴鐺🔔
,.♫__________♪_________♫,.
⚘  合作邀約 dalulubull@gmail.com ⚘",5826,497,310173,UTC+8 2021-12-17 20:43:08
https://www.youtube.com/channel/UC8XIx0eSj0onoJXa2iG0Rmw,194000,1909,246926998,華納兄弟台灣,UTC+8 2021-12-13 15:00:03+08:00,https://www.youtube.com/watch?v=2PDoFr9Q3-M,【怪獸與鄧不利多的秘密】官方預告，2022年4月大銀幕獻映,"你被邀請重返魔法世界了！
立即觀看 #怪獸與鄧不利多的秘密 官方預告！

【怪獸與鄧不利多的秘密】是J.K.羅琳所創造的魔法世界中的最新冒險故事。

阿不思鄧不利多教授（裘德洛 飾演）知道強大的黑巫師蓋勒葛林戴華德（邁茲米克森 飾演）正準備控制整個魔法世界，但他也深知自己無法單獨阻止葛林戴華德，於是委託奇獸飼育學家紐特斯卡曼德（艾迪瑞德曼 飾演）帶領一群勇敢的巫師、女巫和一位麻瓜烘焙師進行這項危險任務。他們在任務中將會遇到新舊奇獸，並與更多葛林戴華德的追隨者發生衝突，但隨著任務風險越來越高，鄧不利多還能置身事外到什麼時候呢？

該片網羅以奧斯卡金像獎得主艾迪瑞德曼（【愛的萬物論】）為首的強大演員陣容，包含獲兩次奧斯卡金像獎提名的裘德洛（【冷山】、【天才雷普利】）、伊薩米勒、丹富樂、艾莉森蘇朵、卡倫透納、潔西卡威廉斯、凱薩琳華特斯頓和邁茲米克森等。

【怪獸與鄧不利多的秘密】由大衛葉慈所執導，劇本由J.K.羅琳和史提夫克羅夫斯所撰寫，改編自J.K.羅琳的原始劇本。製片包含大衛海曼、J.K.羅琳、史提夫克羅夫斯、萊恩諾維格蘭、提姆路易斯、尼爾布萊爾、丹尼柯翰、喬許柏格，寇特妮瓦倫提和麥可夏普則擔任監製。

幕後團隊包含攝影指導喬治里奇蒙（【火箭人】、【金牌特務：機密對決】）、獲三次奧斯卡金像獎的美術指導史都華克瑞格（【英倫情人】、【危險關係】、【甘地】、【哈利波特】和【怪獸與牠們的產地】系列電影）和美術指導尼爾連儂（【星際大戰外傳：韓索羅】、【星際大戰外傳：俠盜一號】）、獲四次奧斯卡金像獎的服裝設計柯琳阿特伍德（【芝加哥】、【藝妓回憶錄】、【魔境夢遊】、【怪獸與牠們的產地】），以及導演大衛葉慈長期合作的剪輯師馬克戴 （【怪獸與葛林戴華德的罪行】和後四部【哈利波特】電影）。電影配樂是由九度奧斯卡金像獎提名的詹姆斯紐頓霍華（【讀報人】、【怪獸與葛林戴華德的罪行】、【聖戰家園】、【全面反擊】和【飢餓遊戲】系列電影）負責。

【怪獸與鄧不利多的秘密】由華納兄弟影業出品，盛日影業製作，導演大衛葉慈作品，華納兄弟影業全球發行，IMAX將同步上映，電影2022年4月在台灣上映。",9632,862,1313917,UTC+8 2021-12-17 20:43:08
https://www.youtube.com/channel/UCZJ6_ybUlrz2M-QrstqG4dg,541000,158,92364411,牛排,UTC+8 2021-12-16 11:30:18+08:00,https://www.youtube.com/watch?v=GthKMatFGO8,跟宥嘉一起製作🍔100倍巨大鱈魚堡！『好吃到讓宥嘉用手吃！』,"林宥嘉《XIANG YU YI YANG》線上演唱會
🎟演出時間：12/25 (六) 16:30 
*長度約70分鐘，以實際演出時為準。
票價：台幣490元
▌買票這裡請：https://yogalin.eventlink.to/XIANGYUYIYANG

▶️牛排個人社群 / 歡迎訂閱追蹤▶️
Youtube ▶️https://goo.gl/ZumWLq
Facebook ▶️ https://goo.gl/cjX7xc
Instagram ▶️ https://www.instagram.com/jam_steak/
歡迎合作邀約來信 ▶️bgg651651@gmail.com",5977,305,171197,UTC+8 2021-12-17 20:43:08
https://www.youtube.com/channel/UCPRWWKG0VkBA0Pqa4Jr5j0Q,2190000,2344,725946867,Joeman,UTC+8 2021-12-13 10:00:12+08:00,https://www.youtube.com/watch?v=Tw1B3IDJvVY,【Joeman】9500元一套的無菜單奢華壽司對決40元一盤的平價迴轉壽司【Joe是要對決S2】Ep86  @A/DA阿達,"Joe是要對決終於拍到壽司了！這個題材是我們自己非常想拍，觀眾也很想看的一集，但台北的頂級壽司要嘛訂不到，要嘛就是包場才能拍，終於讓我們找到一家可以包場的頂級壽司．．．並且邀請到超會吃壽司的男人阿達陪我們體驗，本集片長直逼一小時，超級下飯！壽司控必看！絕對大開眼界～
感謝本集乾爹《夢想新大陸》
★全民社交新手遊，立即下載，尋找你的另一半！
★Joeman專屬虛寶：MAN123
《夢想新大陸》立即下載：https://lihi2.com/O2jB0


訂閱我的Youtube頻道 ：http://goo.gl/H5hUk7
按讚我的Facebook專頁：https://goo.gl/1rnw6w
追蹤我的IG專頁：https://goo.gl/2CfTSz

更多影片：
Joeman開箱趣：https://goo.gl/MUYDfS
Joeman飛機餐與貴賓室：https://goo.gl/Tn9D4y
Joeman夾娃娃系列：https://goo.gl/F3JkyJ
Joeman一起轉蛋去: https://goo.gl/68KWB3
Joeman全世界網咖體驗:https://goo.gl/1QJLHx
Joeman筆電開箱:https://goo.gl/DsiLnX
Joeman百元販賣機: https://goo.gl/d7oUEg
Joeman九件事第二季：https://goo.gl/cUXQgB
Joeman九件事第一季：https://goo.gl/ho1b3k
Joeman打槍去：https://goo.gl/TZmSdG

拍攝器材:Sony A7m3、 RX100 m5、GoPro Hero 7 Black
收音器材:Rode Pro Plus、Sennheiser ClipMic digital
剪接軟體:Adobe Premiere、Sony Vegas 13",14144,1160,804344,UTC+8 2021-12-17 20:43:08
https://www.youtube.com/channel/UC02UVoPQeVi5yVJAMmn1Fmw,422000,513,93514539,全民瘋車Bar,UTC+8 2021-12-15 12:00:12+08:00,https://www.youtube.com/watch?v=O2LG72W-MlQ,野馬再見！怡塵新座駕入手 即將邁入人生新階段 ！ - 怡塵【全民瘋車bar】329,"要跟野馬說掰掰了
怡塵的人生要進入下一個新階段
究竟下一台車會選擇什麼樣的品牌和車型呢？
怡塵新坐駕入手
收看這集的全民瘋車BAR
-
※訂閱全民瘋車Bar:
https://reurl.cc/V5qRz6 
※怡塵FB粉絲團按讚:
https://reurl.cc/2ov8Y9
※韻羽FB粉絲團按讚:
https://reurl.cc/95Q13v 
※熊子FB粉絲團按讚:
https://reurl.cc/bnyGml
※壯壯FB粉絲團按讚:
https://reurl.cc/RbQOkZ
※怡塵IG追蹤:
https://reurl.cc/Xl95ZD
※韻羽IG追蹤:
https://reurl.cc/aN7aZY
※壯壯IG追蹤:
https://reurl.cc/NZEGYn
※熊子IG追蹤:
https://reurl.cc/xEk1Nb
※官方Line ID: @fod6349u
http://line.me/ti/p/%40fod6349u
※全民瘋車Bar第一群(Line群組)
https://reurl.cc/kVpGDG
-
合作請來信: 
deathwqc@gmail.com
ellson2575@gmail.com
carholic.yichen@gmail.com",3456,766,178908,UTC+8 2021-12-17 20:43:08
https://www.youtube.com/channel/UC2lbjBep5vvd-Spo0oGn97g,575,37,20658231,Accusefive - Topic,UTC+8 2021-12-12 10:04:40+08:00,https://www.youtube.com/watch?v=rhwHpIRsIu0,好不容易 (《華燈初上》片尾曲),"Provided to YouTube by B'IN Music

好不容易 (《華燈初上》片尾曲) · 告五人

好不容易

℗ 2021 Bin Music International Limited

Released on: 2021-12-13

Auto-generated by YouTube.",3358,0,176426,UTC+8 2021-12-17 20:43:08
https://www.youtube.com/channel/UCV1OpUwWJCMiv6gJCRR6yAg,1180000,201,153744627,Ku's dream酷的夢-,UTC+8 2021-12-11 10:00:17+08:00,https://www.youtube.com/watch?v=MnlIJAd9f7o,6個國家不怕苦挑戰台灣蛙人軍事訓練！ | 🐸蛙係男子漢 EP2,"謝謝NordVPN的支持 歡迎來試試看他們的APP～
Holiday Season特惠➡️https://nordvpn.com/kudream
用“kudream""的優惠券的話買兩年打27折再免費送一個月！

參加者：
 @外國人介紹台灣 - Lukas in Taiwan    @臺灣尋奇   @西西歪 Ccwhyao   @lifeintaiwan 
金炳秀IG：https://www.instagram.com/s_____ooooo/
黑龍IG：https://instagram.com/594blackdragon

還有我們偷偷準備了衣服給芋頭教信徒們 讓大家能夠表示對芋頭神的愛
我和黑土也當了很專業的模特兒
買一件T-shirt去火鍋店可以加芋頭也不會怕被罵🤣
⬇️⬇️⬇️
https://shopee.tw/kusdream

💜

謝謝這次協助我們拍攝的：
@背包狂人 MadBackpacks
https://www.facebook.com/MadBackpacks/
大家如果有需要軍事用品歡迎去看看~",33196,4580,561002,UTC+8 2021-12-17 20:43:08
https://www.youtube.com/channel/UC5nwNW4KdC0SzrhF9BXEYOQ,1840000,288544,3503553289,TVBS NEWS,UTC+8 2021-12-11 14:16:15+08:00,https://www.youtube.com/watch?v=vd2nrMa8hoc,20211211新北歡樂耶誕城 巨星耶誕演唱會,"「巨星耶誕演唱會」今年邀來三金主持人黃子佼，
12/11搭檔納豆、曾子余共同主持。今年演唱會卡
司陣容採「雙壓軸」設計，擔任12/11的壓軸為今年
剛發專輯的「鐵肺歌后」彭佳慧，以及擁有超強饒舌
唱功、表演風格最接地氣的「質感LOCAL團體」玖壹壹。
Lulu、五堅情、艾怡良、茄子蛋、韋禮安、高爾宣OSN、
熊仔(依筆畫排序)也都將齊聚「巨星耶誕演唱會」，
輪番上陣帶來視覺及聽覺的最大享受！
#巨星耶誕演唱會#耶誕城#TVBS

●訂閱【TVBS國際+】第一時間掌握全球新聞脈動👉https://tvbs.pse.is/3nrjhn
●訂閱【TVBS選新聞】您在乎的事 TVBS幫您選👉https://pse.is/3c4lrn
●訂閱【TVBSNEWS】最新資訊馬上接收👉https://tvbsnews.pse.is/3ayanv
●下載【TVBS新聞APP】最即時！  立即下載👉https://tvbsnews.pse.is/SHMU9
●按讚【TVBS新聞FB】帶您掌握即時新資訊👉https://tvbsnews.pse.is/RJ5ZV
●追蹤【TVBS新聞IG】與您討論「您該在乎的事」👉https://tvbs.pse.is/3fjh6z
●【TVBS新聞網】👉https://tvbsnews.pse.is/SH72D",4759,174,636236,UTC+8 2021-12-17 20:43:08
https://www.youtube.com/channel/UCZoC-XeDO7HxbAdeCaRPPCw,1510000,3967,171490193,Netflix Asia,UTC+8 2021-12-10 02:00:00+08:00,https://www.youtube.com/watch?v=zf9IELpEgoE,華燈初上第 2 部 | 正式預告 | Netflix,"光酒店的女子們試圖找出殺死姊妹的兇手，並在過程中揭開一個又一個的秘密和謊言。

訂閱: https://bit.ly/39caHHE

關於 Netflix:
Netflix 是全球首屈一指的串流娛樂服務事業，在逾 190 個國家與地區擁有 2.14 億名付費會員，內容包括影集、紀錄片與劇情長片等，橫跨多種類型和語言。會員可以透過任何配備上網功能的裝置，隨時隨地不限時數盡情觀賞，亦可輕鬆播放、暫停與接續播放，享受無廣告及無合約拘束的娛樂體驗。

追蹤 Netflix Taiwan：
➡️INSTAGRAM：https://www.instagram.com/netflixtw

追蹤 Netflix Malaysia：
➡️INSTAGRAM：https://www.instagram.com/netflixmy
➡️TWITTER：https://twitter.com/netflixmy

追蹤 Netflix Singapore：
➡️INSTAGRAM：https://www.instagram.com/netflixsg
➡️FACEBOOK：https://www.facebook.com/NetflixSG

華燈初上第 2 部 | 正式預告 | Netflix
https://www.youtube.com/NetflixAsia",12907,1478,1036542,UTC+8 2021-12-17 20:43:08
https://www.youtube.com/channel/UCz_rK02a3hnmMOOUSmFQo2w,459000,1402,95461311,正常發揮,UTC+8 2021-12-15 16:09:15+08:00,https://www.youtube.com/watch?v=J_XxLv3mAWQ,"【正常發揮PiMW】林秉樞""保定了""?陳時中為特權撒謊 獨!不熟?H畫家爆""吳思瑤揪林喝咖啡 ""公投72小時小英揪蔡阿嘎催年輕票藍粉專疑網紅宣傳""真委託 假聲援""?@正常發揮  20211215完整版","#王又正 #正常發揮 #加入會員 #林秉樞 #陳時中 #特權 #撒謊 #H畫家 #吳思瑤 #喝咖啡 #公投 #倒數 #蔡英文 #蔡阿嘎 #網紅 #催票 #年輕族群 #宣傳

📢📢📢「2021中天家族會員返校日 超級同學會」報名連結(11/15-11/29)
https://www.surveycake.com/s/dmoXz

📢加入正常發揮會員👉https://pse.is/3jfxf5
👉時常發揮的支持力量 每月$150
1. 專屬頻道訂閱徽章：在留言和聊天室中，你的名稱旁會顯示頻道會員徽章。
2. 可在留言和聊天室中使用的自訂表情符號。
3. 會員專屬商品折扣：快點購每月付費會員精選折扣商品，每月月初在YT「社群功能」中公布。
👉正常發揮的最佳觀眾 每月$300
1. 又正心口如一：還好有您，我站在風口浪尖也毫無畏懼！
2. 線上主播見面會：主持人在專屬直播聊天室中與您暢聊，一個月一次。
3. 會員專屬商品折扣：快點購將不定期推出更多的折扣！
👉如常發揮的忠實粉絲 每月$1,000
1. 又正肺腑之言：感恩有您，我縱遇群魔亂舞仍愈戰愈勇！
2. 又正帥照下載：每月月初在YT「社群功能」中限定會員下載獨家日常帥照+給會員的話。
3. 會員專屬商品折扣：快點購將不定期推出更多的折扣！
👉超常發揮的鐵桿盟友 每月$3,200
1. 又正掏心掏肺：因為有您，我誓言守護公義直到世界末日！
2. 獨家享有又正爆內幕影片。
3. 限量版首次見面禮：送1個專屬設計馬克杯給我們的VVVIP，又正會在包裝上簽名，僅限第一次加入時。
4. 會員專屬商品折扣：快點購將不定期推出更多的折扣！

📢加入全球大視野會員👉https://www.youtube.com/channel/UCiwt...
📢加入中天電視會員👉https://reurl.cc/pgZL9d 

⭐️買Jvita全能蜂膠挺中天 👉 http://cti.news/AA190c
⭐️Jvita蔓越莓極光晶萃氧蘊膠囊 👉 http://cti.news/AA192c
⭐️Jvita法國金膠原蛋白胜肽Collagen 👉 http://cti.news/AA191c
⭐️熱銷石墨烯懶人塑崩褲👉http://cti.news/AR059c
⭐️支持中天請上快點購👉 http://cti.news/AR001c
⭐️請選中天文創商品 👉 http://cti.news/AR044c

🔹中天新媒體，全球華人新勢力🔹
【中天新聞24小時直播】https://youtu.be/lu_BJKxqGnk​
【中天電視頻道】訊號若不穩定或收看品質不佳，請重新連結👉https://cti.news/ctiyt​

【中天聊天室規範】
 歡迎留言互動，請尊重各自立場、理性發言，請遵守本聊天室規範。
 違規者一經發現，將遭刪言或封鎖。
🚫禁止使用不雅、挑釁、謾罵、歧視、仇恨等言詞
🚫禁止任何形式洗版
🚫禁止散布不實訊息 
🚫禁止發表危害公共安全等涉及犯罪言論 
🚫禁止傳送鼓勵博弈、色情服務訊息
🚫禁止騷擾管理員與其他使用者
 📣管理員有權隨時修正規定 

中天YouTube頻道家族快速選單：
【中天電視頻道】https://cti.news/663
【中天新聞頻道】https://cti.news/dd4
【中天財經頻道】https://cti.news/5ql
【中天娛樂頻道】https://cti.news/z3k
【中天社會頻道】https://cti.news/9cv
【全球大視野頻道】https://cti.news/h0p
【正常發揮頻道】https://cti.news/5j0
【頭條開講頻道】https://cti.news/qao
【大新聞大爆卦頻道】https://cti.news/x0b
【新聞龍捲風頻道】https://cti.news/fv9
【姐的星球頻道】https://cti.news/shg
【中天新聞FB粉絲團】https://cti.news/2ni

⚠️「未經著作權人事先書面同意，勿將內容用於商業性質之分享、連結。」
「如有任何營業使用，必須事先取得書面同意」",26663,852,181800,UTC+8 2021-12-17 20:43:08
https://www.youtube.com/channel/UCbsHdXTF_3R3h6GlXh25IBA,173000,1831,87483971,WTO姐妹會 官方頻道,UTC+8 2021-12-15 04:30:14+08:00,https://www.youtube.com/watch?v=5Z6cqFG8QiE,台灣像天堂 新住民回國好難熬?! 外國人在台灣的好處 永遠不會變老?! 台灣找工作很輕鬆 外國人賺很大?! 2021-12-14【WTO姐妹會】柔姿 泰樂 左右 折田 波蘭Anna ZUZU 小惠,"#TurnOnClosedCaption

#莎莎 #郭彥均

#柔姿 #巴拉圭 #泰樂 #加拿大 #左右 #美國
#折田 #日本 #波蘭Anna #波蘭 #ZUZU #韓國 #小惠 #泰國

#劉雨柔 #Eason #安妮
 
♡《 WTO姐妹會》2021 最新完整版♡
➟➟https://www.youtube.com/playlist?list=PLYJE333ME-NnaF4bmB9Ljw3AddcDQKV82

♡更多精彩內容，請上WTO姐妹會粉絲團：http://goo.gl/8opgqV♡

♡歡迎訂閱《WTO姐妹會》♡
➟➟https://reurl.cc/GknqlZ（貼心提醒🔔別忘記開啟通知小鈴鐺唷！）",1621,175,83923,UTC+8 2021-12-17 20:43:08
https://www.youtube.com/channel/UCCPYSMEnbeepGM7RU6qxyUA,220000,3801,131962259,Muse木棉花-闔家歡,UTC+8 2021-12-15 10:00:13+08:00,https://www.youtube.com/watch?v=fewfGT7DSYk,【期間限定】蠟筆小新「事關男人的尊嚴哦」小單元01｜Muse闔家歡 動畫 免費看,"2021年蠟筆小新「全新集數」即將登場！
12月18日起，每週六下午6點30分，
《新蠟筆小新》於CH08台視頻道全台首播！

✏️ 節目詳細資訊 ✏️
■ 節目： 新蠟筆小新
■ 時間： 12月18日起，每週六下午6點30分「全台首播」
■ 頻道： CH08台視頻道
■ 語言： 國語播出
■ 台視動畫專區臉書專頁：https://www.facebook.com/TTVanimation

゜✧.━━゜✧.━━゜✧.━━━━

\\\YouTube期間限定公開///
《蠟筆小新TV版 第726集-第755集》

⭐️—播出資訊—⭐️
■ Muse闔家歡 YouTube頻道
✏️【8分鐘單元版】
∷ 12/15起，每天18：00、18：15各更新一集
∷ 播放清單：https://www.youtube.com/playlist?list=PLDfDiflGwSuWyCnGAymrY7VyS46tZgX9C
✏️【27分鐘TV版】
∷ 1/6起，每天17：00更新一集
∷ 播放清單：https://www.youtube.com/playlist?list=PLDfDiflGwSuUXwTJfRenGqUlTcOYtpzz1

■ Muse木棉花-TW YouTube頻道
✏️【8分鐘單元版】
∷ 12/16起，每天12：00、12：15各更新一集
∷ 播放清單：https://www.youtube.com/playlist?list=PL12UaAf_xzfpYjIumSN7nQfka2FMDOP4w
✏️【27分鐘TV版】
∷ 1/7起，每天21：30更新一集
∷ 播放清單：https://www.youtube.com/playlist?list=PL12UaAf_xzfrtJYuEgJhbYqZSjjV8rhda

🔺單元版跟TV版的範圍皆在[第726集-第755集]，不會出現其他集數的內容。
🔺單元版跟TV版播出的內容完全一致，僅有影像長度不同的差異。
🔺全集數皆公開至2/15(二)23：59即於YT頻道下架。
🔺其他播放平台，可以參考【巴哈姆特動畫瘋｜中華電信 MOD｜Hami Video｜LiTV線上影視｜myVideo 影音隨看｜遠傳friDay影音｜KKTV｜中嘉bb寬頻.bbTV｜LINE TV｜CATCHPLAY】
※各平台上架的集數依照各平台為主。

【劇情簡介】
美冴看到廁所會被弄髒很生氣,規定男生也要坐著上廁所才行,可是廣志認為這事關男人的尊嚴,說什麼都不願意配合。來到公司看到同事的愛妻便當超豐盛,自己的便當卻只有白飯,覺得自己努力工作卻被家人輕視,心裡很難過…

゜✧.━━゜✧.━━゜✧.━━━━

➨訂閱我們：https://www.youtube.com/channel/UCgdwtyqBunlRb-i-7PnCssQ?sub_confirmation=1
➨卡通專區：https://www.youtube.com/channel/UCCPYSMEnbeepGM7RU6qxyUA?sub_confirmation=1
➨支持正版動畫，官頻廣告不略過，看好看滿才能看更多！

【關注木棉花的最新消息】
🛒 MUSE木棉花樂園
∷  https://mall.e-muse.com.tw/
🛒 木棉花蝦皮商城
∷  https://shopee.tw/tw.muse/
► MUSE木棉花官網
∷  http://www.e-muse.com.tw/
► 木棉花官方Facebook
∷  https://www.facebook.com/emuse.com.tw/
► 木棉花官方Instagram
∷  https://www.instagram.com/museacg/
► 木棉花官方Twitch
∷  https://www.twitch.tv/muse_tw/
► 木棉花官方噗浪
∷  https://www.plurk.com/muse_tw/


#Muse木棉花 #期間限定公開 #蠟筆小新 #小新 #蔣篤慧 #春日部防衛隊 #野原一家 #廣志 #美冴 #小葵 #闔家歡賞 #搞笑日常 #舒壓 #動畫 #免費看",682,43,81250,UTC+8 2021-12-17 20:43:08
https://www.youtube.com/channel/UC5fkmrA5VDTr2IU7lPmpsHA,403000,9864,336683949,新聞大白話,UTC+8 2021-12-16 10:19:23+08:00,https://www.youtube.com/watch?v=WX349RAEdrY,獨！林秉樞吳思瑤友情照曝光！張大春：出空白博士論文會不會侵犯蔡英文版權？侯友宜快看高金素梅！綠黑顏寬恒菲傭案如黑韓國瑜砂石案！ 新聞大白話 完整版 20211216,"本集來賓：#陳揮文、#黃暐瀚、#郭正亮、#王鴻薇、#羅友志、#徐巧芯、#謝寒冰、#王世堅、#董智森

獨！林秉樞吳思瑤友情照曝光！
張大春：出空白博士論文會不會侵犯蔡英文版權？
侯友宜快看高金素梅！
綠黑顏寬恒菲傭案如黑韓國瑜砂石案！

【快來拿】加入會員送節目專屬口罩▶️https://bit.ly/2TnVyRs
【快訂閱】《新聞大白話》YouTube▶️https://bit.ly/2HgBc3K
加入《新聞大白話》會員教學▶️https://youtu.be/qYA2iAtgHL8

《#新聞大白話》TVBS 56台／YouTube頻道 每日下午2點
●主持人：#錢怡君、#翟翾
●由錢子、翟翾與大家一起4小時精彩新聞內容討論與解析
●為觀眾帶來最新政治、時事評析
●《新聞大白話》YouTube▶️https://bit.ly/2HgBc3K
●加入《新聞大白話》會員▶️https://bit.ly/2TnVyRs
#快來訂閱開啟小鈴鐺",16590,297,281527,UTC+8 2021-12-17 20:43:08
https://www.youtube.com/channel/UCDrswN-SqWh7Kii62h9aXGA,1430000,435,393476009,STR Network,UTC+8 2021-12-10 12:00:12+08:00,https://www.youtube.com/watch?v=-YGgiOiG-LI,【#狗屎寫手】玖壹壹春風真正當上團長的原因,"底下留言可以抵保護費

@玖壹壹 
#玖壹壹 #春風 #健志 #洋蔥 #博恩 #馬克吐司

◤本片全程遵守文化部公告之拍攝防疫管理措施◢

----- 

▌ #薩泰爾近期售票演出 ｜#炎上BURN
2022/2/11  #炎上澎恰恰
2022/2/12  #炎上謝和弦
2022/2/13  #炎上愛莉莎莎
≡ 釋出席位 同步熱賣中 ≡
🔥售票頁面 ➪ https://strn.pros.is/BURN

▌ 狗屎寫手｜每週五 20:00 上片 
馬上訂閱 ➪ https://strn.pros.is/STR-YT 

-----

 ⧉ #薩泰爾娛樂 ⧉ 
≡ 商業合作請來信：business@strnetwork.cc ≡
≡ 媒體聯繫請來信：press@strnetwork.cc ≡


▍YouTube：https://www.youtube.com/c/STRNetworkasia
▍Facebook：https://www.facebook.com/strnetworkasia/
▍Instagram：https://www.instagram.com/str_network/",21464,636,821228,UTC+8 2021-12-17 20:43:08
https://www.youtube.com/channel/UCz_rK02a3hnmMOOUSmFQo2w,459000,1402,95461311,正常發揮,UTC+8 2021-12-14 15:25:17+08:00,https://www.youtube.com/watch?v=usYuRFpYNYg,【正常發揮PiMW】蝦毀!林母告別式 蔡依林爆出席?超狂!林發豪語想追Jolin也追得到韓國瑜挺4同意 侯友宜公投我不在糗片曝光!蔡還在講…遊覽車大軍跑光@正常發揮 20211214完整版,"#林秉樞 #蔡依林 #四大公投 #侯友宜 #高嘉瑜 #韓國瑜 #核四 #藻礁 #公投綁大選 #萊豬 #王又正 #正常發揮 #加入會員
📢📢📢「2021中天家族會員返校日 超級同學會」報名連結(11/15-11/29)
https://www.surveycake.com/s/dmoXz

📢加入正常發揮會員👉https://pse.is/3jfxf5
👉時常發揮的支持力量 每月$150
1. 專屬頻道訂閱徽章：在留言和聊天室中，你的名稱旁會顯示頻道會員徽章。
2. 可在留言和聊天室中使用的自訂表情符號。
3. 會員專屬商品折扣：快點購每月付費會員精選折扣商品，每月月初在YT「社群功能」中公布。
👉正常發揮的最佳觀眾 每月$300
1. 又正心口如一：還好有您，我站在風口浪尖也毫無畏懼！
2. 線上主播見面會：主持人在專屬直播聊天室中與您暢聊，一個月一次。
3. 會員專屬商品折扣：快點購將不定期推出更多的折扣！
👉如常發揮的忠實粉絲 每月$1,000
1. 又正肺腑之言：感恩有您，我縱遇群魔亂舞仍愈戰愈勇！
2. 又正帥照下載：每月月初在YT「社群功能」中限定會員下載獨家日常帥照+給會員的話。
3. 會員專屬商品折扣：快點購將不定期推出更多的折扣！
👉超常發揮的鐵桿盟友 每月$3,200
1. 又正掏心掏肺：因為有您，我誓言守護公義直到世界末日！
2. 獨家享有又正爆內幕影片。
3. 限量版首次見面禮：送1個專屬設計馬克杯給我們的VVVIP，又正會在包裝上簽名，僅限第一次加入時。
4. 會員專屬商品折扣：快點購將不定期推出更多的折扣！

📢加入全球大視野會員👉https://www.youtube.com/channel/UCiwt...
📢加入中天電視會員👉https://reurl.cc/pgZL9d 

⭐️買Jvita全能蜂膠挺中天 👉 http://cti.news/AA190c
⭐️Jvita蔓越莓極光晶萃氧蘊膠囊 👉 http://cti.news/AA192c
⭐️Jvita法國金膠原蛋白胜肽Collagen 👉 http://cti.news/AA191c
⭐️熱銷石墨烯懶人塑崩褲👉http://cti.news/AR059c
⭐️支持中天請上快點購👉 http://cti.news/AR001c
⭐️請選中天文創商品 👉 http://cti.news/AR044c

🔹中天新媒體，全球華人新勢力🔹
【中天新聞24小時直播】https://youtu.be/lu_BJKxqGnk​
【中天電視頻道】訊號若不穩定或收看品質不佳，請重新連結👉https://cti.news/ctiyt​

【中天聊天室規範】
 歡迎留言互動，請尊重各自立場、理性發言，請遵守本聊天室規範。
 違規者一經發現，將遭刪言或封鎖。
🚫禁止使用不雅、挑釁、謾罵、歧視、仇恨等言詞
🚫禁止任何形式洗版
🚫禁止散布不實訊息 
🚫禁止發表危害公共安全等涉及犯罪言論 
🚫禁止傳送鼓勵博弈、色情服務訊息
🚫禁止騷擾管理員與其他使用者
 📣管理員有權隨時修正規定 

中天YouTube頻道家族快速選單：
【中天電視頻道】https://cti.news/663
【中天新聞頻道】https://cti.news/dd4
【中天財經頻道】https://cti.news/5ql
【中天娛樂頻道】https://cti.news/z3k
【中天社會頻道】https://cti.news/9cv
【全球大視野頻道】https://cti.news/h0p
【正常發揮頻道】https://cti.news/5j0
【頭條開講頻道】https://cti.news/qao
【大新聞大爆卦頻道】https://cti.news/x0b
【新聞龍捲風頻道】https://cti.news/fv9
【姐的星球頻道】https://cti.news/shg
【中天新聞FB粉絲團】https://cti.news/2ni

⚠️「未經著作權人事先書面同意，勿將內容用於商業性質之分享、連結。」
「如有任何營業使用，必須事先取得書面同意」",29688,1204,225873,UTC+8 2021-12-17 20:43:08
https://www.youtube.com/channel/UCbD8EppRX3ZwJSou-TVo90A,19100000,26922,14088760329,Mnet K-POP,UTC+8 2021-12-11 10:40:21+08:00,https://www.youtube.com/watch?v=sCHJuQyjZoI,[2021 MAMA] ITZY - LOCO (MAMA ver.) + In the morning (MAMA ver.) | Mnet 211211 방송,"티빙에서 스트리밍 : https://tving.onelink.me/xHqC/30a78d6f

Mission : Be a Good Kitty
LOCO (MAMA ver.)+In the morning (MAMA ver.) by ITZY in 2021 MAMA

MAKE SOME NOISE ! 2021 MAMA
#2021MAMA #MAMA #MnetAsianMusicAwards #MakeSomeNoise #Mnet

#티빙에서스트리밍",589944,34266,6922599,UTC+8 2021-12-17 20:43:08
https://www.youtube.com/channel/UCbD8EppRX3ZwJSou-TVo90A,19100000,26922,14088760329,Mnet K-POP,UTC+8 2021-12-11 13:02:34+08:00,https://www.youtube.com/watch?v=-OBNH4V1Gv4,[2021 MAMA] Wanna One - Energetic + Burn It Up | Mnet 211211 방송,"티빙에서 스트리밍 : https://tving.onelink.me/xHqC/30a78d6f

1=1¹¹ (I MISS YOU)
Energetic + Burn It Up by Wanna One in 2021 MAMA

MAKE SOME NOISE ! 2021 MAMA
#2021MAMA #MAMA #MnetAsianMusicAwards #MakeSomeNoise #Mnet

#티빙에서스트리밍",389311,20998,4272476,UTC+8 2021-12-17 20:43:08
https://www.youtube.com/channel/UCFUtqTcgJgRnmZ3tMU6P74Q,3220000,781,1352987706,Namewee,UTC+8 2021-12-10 11:00:04+08:00,https://www.youtube.com/watch?v=Z_dQeAZcbLI,病毒被中國消滅了? 黃明志謝和弦大鬧方艙醫院!【揪你出去玩】Ft.視網膜 @高清無碼 2022 H.D.& Uncensored,"This is the hardest way to shoot a MV ever! 
來聽我和謝和弦合作的熱血新歌！不要太敏感，歌詞裡面寫到的國家都是疫情一開始爆發的重災區，沒有特別意思，就只是希望這些重災區可以重整旗鼓，將來我們還要舊地重遊！這是全人類的夢想。
We wish that the epidemic will end as soon as possible, so that everyone can travel around the world。
Btw, 這支MV我一定會拿去報名國際獎項。因為真的太難拍了... 

 @謝和弦 R-chord馬槽音樂 @眼球中央電視台  #如意Ruyii #錢昱慈Bella

-

《揪你出去玩 Hang Out & Play Now! 》Youtube 高清版MV：https://youtu.be/Z_dQeAZcbLI

The Making Of《揪你出去玩 Hang Out & Play Now! 》幕後花絮 Youtube高清版 : https://youtu.be/vtFyvcUSrbY

《揪你出去玩 Hang Out & Play Now! 》數位音樂下載 Online Music Download：https://lnk.to/hangoutnplay

《揪你出去玩 Hang Out & Play Now! 》幕後花絮Shorts 高清版：https://youtu.be/NzUIUbxB_3c

《揪你出去玩 Hang Out & Play Now! 》Shorts 高清版：https://youtu.be/SptuBlKI03w

-

黃明志2021最新實體專輯【鬼才做音樂】已正式發行，馬上點入以下網址購買！Namewee's latest music album of 2021 [Ghosician] is now available in : https://bit.ly/3BM4IIe

Namewee 黃明志 Telegram Channel :
https://t.me/nameweeofficial

Namewee 黃明志 Official Facebook Fan Page:
https://www.facebook.com/namewee/

Namewee YouTube Channel Link:
http://www.youtube.com/namewee/

Namewee Twitter Channel:
@NameweeO

#Namewee #黃明志 #謝和弦 #RChord  #揪你出去玩 #HangOutAndPlayNow",78317,7020,1751076,UTC+8 2021-12-17 20:43:08
https://www.youtube.com/channel/UCvoBl4rnVsetDKA_Tdk-jeA,688000,156,80395373,曉涵哥來了,UTC+8 2021-12-14 12:00:21+08:00,https://www.youtube.com/watch?v=Gplb2_FxU8w,火星探測器失聯前拍攝到神秘影像終曝光！疑似UFO，探測器消失的原因和它有何聯繫？「曉涵哥來了」,"福波斯2號探測器，是蘇聯的火星探測器。這個探測器和歷史以來的50個探測器不一樣的是，它在火星附近拍攝了一段影像資料之後就突然失聯了。
但是，福波斯2號拍攝到的影像畫面卻引起了軒然大波——一個高速飛過的雪茄狀物體出現在了火衛一旁邊。
福波斯2號究竟拍到的是什麼？福波斯2號失聯的原因是什麼？本期和大家聊聊。

鳳凰城事件：
https://youtu.be/I76Wb-DqsOA
羅斯維爾事件
https://youtu.be/pQ_HQUCJtes
為何美政府公開UFO報告？6.25公佈的報告背後有這麼簡單嗎？
https://youtu.be/isdmwRs9JmA

--------------------------------------------------------------------------------------------
🔥  這些影片在頻道最受歡迎 👇👇

朝鮮神秘飯店，耗時30年、花費全國2％GDP建成，它背後有什麼秘密？
https://youtu.be/cVlAxL2CXYg

日本歷史上地獄般的鬼島，高樓遍布卻無人居住，居民如何消失的？
https://youtu.be/syt5a63_Kyo

解密美總統野獸專車，地表最強，為何退役後要扔進大海？
https://youtu.be/ACmijk6deMA

存放完整，神秘莫測，千年來不被破壞的秦始皇陵隱藏了什麼？
https://youtu.be/BGxr6AS-6-o

宇宙文明第7級到底有多可怕？5級文明已經是神一般的存在了
https://youtu.be/MTCrzBVNJjc

中国有一座无人敢提及的城市，没有名称，只有一个代号叫404
https://youtu.be/8HPZoGcRXDM

邁克爾傑克遜，音乐奇才的隱藏身份，你可能不知道的他的另一面……
https://youtu.be/p7W75SHpL9E

--------------------------------------------------------------------------------------
「探索地球，發現宇宙。
我是曉涵哥，歡迎和我一起，做這世界的探尋者。」
點擊下方訂閱👇👇👇
http://bit.ly/34i9wnH
我的FB也開通了！歡迎大家關注，在這裡我會分享一些不一樣的生活碎片：https://bit.ly/2KzRcPu
--------------------------------------------------------------------------------------
--------------------------------------------------------------------------------------
#ufo #外星人 #火星 #曉涵哥來了 #education #knowledge",6966,364,297270,UTC+8 2021-12-17 20:43:08
https://www.youtube.com/channel/UCR1zT1s524Hbc85bdvno_8w,1560000,124,525093293,Aimer Official YouTube Channel,UTC+8 2021-12-12 15:00:11+08:00,https://www.youtube.com/watch?v=tLQLa6lM3Us,Aimer「残響散歌」MUSIC VIDEO（テレビアニメ「鬼滅の刃」遊郭編オープニングテーマ・先行配信中！）,"テレビアニメ「鬼滅の刃」遊郭編オープニングテーマAimer「残響散歌」先行配信中！
CDのご予約・ダウンロードはコチラ ⇒https://aimer.lnk.to/zankyosanka　

Aimer 20th single 『残響散歌/朝が来る』
発売日：2022年1月12日（水）
「残響散歌」…テレビアニメ「鬼滅の刃」遊郭編オープニングテーマ
「朝が来る」…テレビアニメ「鬼滅の刃」遊郭編エンディングテーマ

初回生産限定盤（CD+DVD）
1,760円（税込）/ VVCL-1953-1954
※CD+DVD（「残響散歌」「朝が来る」MUSIC VIDEO収録）

通常盤（CD）
1,320円（税込）/ VVCL-1955
期間生産限定盤（CD+DVD）

1,760円（税込）/ VVCL-1956-1957
※テレビアニメ「鬼滅の刃」遊郭編描きおろしジャケット
※テレビアニメ「鬼滅の刃」遊郭編描きおろしイラスト使用ミニポスター
※テレビアニメ「鬼滅の刃」遊郭編ノンクレジットOP/ED映像収録

#Aimer #鬼滅の刃　＃遊郭編

「残響散歌」MUSIC VIDEO
Director：YASUHIRO ARAFUNE (EPOCH)
Producer：NAOKI AKIYAMA (19-juke-)
Cast：Mayuki

http://www.aimer-web.jp/",185883,5576,5201588,UTC+8 2021-12-17 20:43:08
https://www.youtube.com/channel/UChQoPspEw6hGSwQQDOLpeqg,1180,17,2975296,EggPlantEgg - Topic,UTC+8 2021-12-09 10:01:46+08:00,https://www.youtube.com/watch?v=ldfHWRCq3vE,閣愛妳一擺,"Provided to YouTube by Soundscape

閣愛妳一擺 · 茄子蛋 · 黃奇斌 · 黃奇斌

閣愛妳一擺

℗ 茄子蛋EggPlantEgg

Released on: 2021-12-10

Producer: 鍾濰宇

Auto-generated by YouTube.",4022,0,340366,UTC+8 2021-12-17 20:43:08
https://www.youtube.com/channel/UCJ5rBA0z4WFGtUTS83sAb_A,207000,8387,87008032,POP Radio聯播網 官方頻道,UTC+8 2021-12-15 01:00:21+08:00,https://www.youtube.com/watch?v=l6SkUeJdmfk,2021-12-15【POP撞新聞】黃暐瀚專訪高金素梅「走鐘的政府！」,"#POP撞新聞​​​​​​​​​​​​​​​​​​​​ #黃暐瀚​​​​​​​​​​​​​​​​​​​​ #POPradio​​​​​​​​​​​​​​ #高金素梅 #公投  

主持人：資深媒體人 黃暐瀚
來賓：立法委員 高金素梅
主題：「走鐘的政府！」

節目中使用影片來源：
高雄掃街拚公投　民眾反應讓高金素梅、羅智強都訝異｜中時新聞網
https://youtu.be/F1ghCem64tk

高金素梅槓上全民進黨！敲響無情喪鐘！爆氣震攝全場！江啟臣、林為洲、林德福、邱臣遠連番上陣
https://youtu.be/1s7fnwrXrdw

《百里原鄉 戰車宣講衝公投》祖靈之邦，豈能讓萊豬傷害健康！祖靈之地，豈能讓空污傷害山川！～高金素梅
https://youtu.be/bn235xdwXkY

""不用回答!這有政治目的..."" 國防部幕僚竊竊私語""全都錄"" KMT戰神發飆:藐視國會離譜至極 |熱搜發燒榜 @中天新聞
https://youtu.be/3kkXsfJ5Ryc

暐瀚哥on air，與聽眾、觀眾一同線上互動討論。歡迎大家，貢看嘜～剖析新聞事件，也由主持人提供給各位長期觀察下的獨到論點。

本公司所有版權，非經同意不得重製，違反必究。
--------------------------------------------------------------------------------
●《POP Radio》臉書粉絲專頁：https://www.facebook.com/FM917popradio
● POP Radio APP下載：http://www.olis.com.tw/popradio/​​​​​
● POP Radio官方網站：http://www.pop917.com​",10720,778,111709,UTC+8 2021-12-17 20:43:08
https://www.youtube.com/channel/UCCQvP4hsRW9emj0meGk15jg,473000,19282,306672337,愛爾達體育家族 ELTA Sports,UTC+8 2021-12-16 09:47:37+08:00,https://www.youtube.com/watch?v=1Uqo76f2h0Y,【2021 BWF】世錦賽 女單16強 戴資穎 VS Kirsty GILMOUR​,"一三局穩定發揮​
第二局因應場地調整手感
連續化解對手 #7個局點 也非常精彩!!!​
​
🇹🇼 #戴資穎​
今天在 #BWF世錦賽 16強​
以 21-10、19-21、21-11
擊敗 Kirsty GILMOUR​
搶下女單八強門票!!!​
​
八強要對決 #辛度！
主播：官欣瑜／講評：蔡慧敏老師
-
============================　
愛爾達體育3台、2台哪裡看
㊒ 中華電信MOD 202、201頻道
㊒ https://hamivideo.hinet.net/
㊒ https://eltaott.tv/

#BWF羽球鎖定愛爾達
#中華電信MOD
#愛爾達體育3台
===========================
加入我們看更多：
• FB
https://www.facebook.com/ELTASPORTS
• IG
https://www.instagram.com/elta_sports
• Line@
https://lin.ee/8PXYdOg
• ELTA購物網
https://www.eltago.tv/
• ELTA.TV
https://eltaott.tv/",1263,94,101336,UTC+8 2021-12-17 20:43:08
https://www.youtube.com/channel/UCI6JZbv41E8csobYsXKobBQ,765000,428,190502266,哇萨比抓马 WasabiDrama,UTC+8 2021-12-12 12:13:59+08:00,https://www.youtube.com/watch?v=WyQDW_U1qYs,世纪婚礼过后，她被皇室囚禁了15年，带你从头吃这场世纪大瓜《斯宾塞》|彩蛋&人物原型全解析,"看到1摸太悲伤了

上车：https://bit.ly/2LZU1gG
美剧副频道【抓马剧好看】：https://goo.gl/3bGq6s
订阅频道：https://goo.gl/Spg41R
新浪微博：@哇萨比抓马
抓马的Instagram ID：wasabidrama

美剧解说传送门：
【美国恐怖故事S1-S8】https://goo.gl/AqVDXc
【使女的故事】https://goo.gl/QRM5wb
【邪恶力量】https://goo.gl/NaC7eY
【怪奇物语S1-S2】https://goo.gl/2rT4Hz
【美国众神】https://goo.gl/N424Ms",8187,686,341532,UTC+8 2021-12-17 20:43:08
https://www.youtube.com/channel/UCeQNWQtmrc98TFUJNrFOdfQ,691000,6669,354269203,觀點,UTC+8 2021-12-16 02:40:19+08:00,https://www.youtube.com/watch?v=Y9OgOo8B7wA,'21.12.16【觀點│正經龍鳳配】布林肯為什麼逃走了？,"主持人：唐湘龍 × 陳鳳馨
主題：布林肯為什麼逃走了？
節目直播時間：週一、週四 早上9點30分
本集播出日期：2021.12.16


#唐湘龍陳鳳馨 #正經龍鳳配 #觀點


-----
按讚【觀點】FB：https://www.facebook.com/AllTheBestViewpoint
訂閱【觀點】YouTube頻道：https://www.youtube.com/c/觀點",13966,787,293797,UTC+8 2021-12-17 20:43:08
https://www.youtube.com/channel/UC_XRq7JriAORvDe1lI1RAsA,604000,497,110046877,呱吉,UTC+8 2021-12-16 15:51:02+08:00,https://www.youtube.com/watch?v=G3eI4oqbDqE,【呱吉直播】呱吉電台EP99：我到底怎麼看公投,"唯一一次認真講自己的看法，如果只想聽幹的，前面半小時還是可以聽一下。

下禮拜是第一百集，回歸原點的特別節目了啦。

--
📌加入呱吉頻道會員：https://bit.ly/3361X61
📌呱吉的Podcast（每週更新）：https://apple.co/2GKc3Rp
📌呱吉FB粉絲團：https://www.facebook.com/froggychiu/
📌呱吉Instagram：https://www.instagram.com/froggychiu/
📌呱吉官方LINE帳號：https://lin.ee/uuepLUX
📌呱吉的美食廢人地圖：https://goo.gl/bpPKvW",1473,187,65198,UTC+8 2021-12-17 20:43:08
https://www.youtube.com/channel/UCEf_Bc-KVd7onSeifS3py9g,29400000,3785,23150754736,SMTOWN,UTC+8 2021-12-14 09:00:31+08:00,https://www.youtube.com/watch?v=nAvjYapdSxk,NCT 2021 엔시티 2021 'Beautiful' MV,"NCT's 3rd album ""Universe"" is out now!
Listen and download on your favorite platform: https://smarturl.it/NCT_Universe

🪐 'Universe (Let's Play Ball)' MV: https://youtu.be/SCK8yBLqQJc

[Tracklist]
01 New Axis
02 Universe (Let’s Play Ball)
03 Earthquake 
04 OK! 
05 Birthday Party
06 Know Now 
07 Dreaming
08 Round&Round 
09 Miracle
10 Vroom
11 Sweet Dream
12 별자리 (Good Night)
13 Beautiful

NCT Official
https://www.youtube.com/nctsmtown
https://www.instagram.com/nct/
https://www.tiktok.com/@official_nct
https://twitter.com/NCTsmtown
https://www.facebook.com/NCT.smtown
https://www.vlive.tv/channel/F3C16D

#NCT2021 #Beautiful #NCT_Universe #NCT #Universe 
#NCTU #NCT127 #NCTDREAM #WayV
NCT 2021 엔시티 2021 'Beautiful' MV ℗ SM Entertainment",1153900,103100,16282539,UTC+8 2021-12-17 20:43:08
https://www.youtube.com/channel/UCBgdVDkSsiPBVop4-Ms0ihQ,1040000,1220,335890183,Stopkiddinstudio,UTC+8 2021-12-14 13:00:00+08:00,https://www.youtube.com/watch?v=-W29ICXk1JE,《台灣爸爸救了巴西女孩全家》來台嫁給職業軍人 From Brazil to Taiwan,"不要鬧粉絲團: https://bit.ly/3ACBsDK
請訂閱不要鬧: https://bit.ly/3dTENEM
訂閱第二頻道: https://bit.ly/3jYescr
Faby 臉書: https://bit.ly/3s0vjzx
Faby IG: https://bit.ly/3oPtGCF
經紀公司創意澄金: https://bit.ly/3EQ1xRF",8840,419,220586,UTC+8 2021-12-17 20:43:08
https://www.youtube.com/channel/UC9-OpMMVoNP5o10_Iyq7Ndw,2420000,6116,1361952775,Bleacher Report,UTC+8 2021-12-15 00:56:30+08:00,https://www.youtube.com/watch?v=Enlqf9UIlog,Stephen Curry BREAKS Ray Allen’s NBA Record For 3PM At MSG 🐐,"Stephen Curry breaks Ray Allen's NBA record for most 3-pointers made at Madison Square Garden. 

Subscribe: https://www.youtube.com/user/BleacherReport?sub_confirmation=1
Follow on IG: http://www.instagram.com/f/bleacherreport
Follow us on Twitter: http://www.twitter.com/bleacherreport
Like us on Facebook: http://www.facebook.com/bleacherreport

#StephenCurry #RayAllen #NBA",7854,855,343079,UTC+8 2021-12-17 20:43:08
https://www.youtube.com/channel/UCPwxSX0DYDMQxCvgfeVDv_g,2510000,851,646944055,蔡阿嘎,UTC+8 2021-12-13 10:00:13+08:00,https://www.youtube.com/watch?v=EJdsEf7t9ao,在台灣賣了一百年，有這麼好吃？去艋舺萬華尋找百年老店！,"今天帶大家來艋舺萬華尋找百年老店！可以在台灣賣了一百年，真的有這麼厲害嗎？😁😁😁
► 訂閱二伯&蔡波能：https://pros.is/2UncleYT
► 訂閱蔡桃貴：https://pse.is/TsaiGray2018
► 訂閱蔡阿嘎Life頻道：http://pics.ee/AGaLife
► 蔡阿嘎主頻道：http://pics.ee/AGaU2
► 蔡阿嘎FaceBook：http://pics.ee/AGaFB
► 加LINE好友：https://pse.is/GaLine
► Instagram：http://pics.ee/AGaIG



振興五倍券使用至111年4月30日(六)截止，還沒綁定或領取的民眾，都還來得及上五倍券官網綁定數位，或到郵局領取紙本！想知道自己的數位五倍券及好食券使用狀況，也可以上官網查詢你的數位標章喔～

►振興五倍券官網：https://5000.gov.tw/
►好食店家這裡找：https://foodlover.tw/lookup-shop.html


#蔡阿嘎 #嘎嫂二伯 #尋找艋舺百年老店
#五倍券  #好食券  #一起挺愛店




聯絡蔡阿嘎：
withgalovetaiwan@gmail.com",4397,210,323021,UTC+8 2021-12-17 20:43:08
https://www.youtube.com/channel/UCa2YiSXNTkmOA-QTKdzzbSQ,337000,279,80198742,吃貨豪豪HowHowEat,UTC+8 2021-12-16 09:30:16+08:00,https://www.youtube.com/watch?v=hjPp63eeJmM,【吃到飽評比】我家牛排｜只要299的buffet！狂掃60道菜＋20款水果｜全品項 清起來！新北｜中和｜大胃王 大食い Food Challenge｜All You Can Eat,"喜歡看我吃東西記得按讚&訂閱喔
下次想看我吃什麼可以底下留言告訴我
TikTok有我的減脂紀錄；IG有我的一些生活
有興趣的朋友可以追蹤一下

TikTok：https://www.tiktok.com/@howhoweat?lang=zh-Hant-TW
吃貨豪豪IG：https://www.instagram.com/martinispig
Facebook 粉絲專頁：https://www.facebook.com/吃貨豪豪-2372478129464010/?modal=admin_todo_tour

我家牛排 中和店 ：新北市中和區建一路92號

聯繫方式：martinisgy@gmail.com

#新北 #吃到飽 #牛排 #buffet",3750,324,274227,UTC+8 2021-12-17 20:43:08
https://www.youtube.com/channel/UCkM0vZ9Q2ZxxRPORzTDI7eg,443000,353,74934501,大聪看电影,UTC+8 2021-12-16 06:17:31+08:00,https://www.youtube.com/watch?v=FPa4opPqWoc,《蜘蛛人：無家日》影評！當初的猜想和期待都實現了嗎？！幽默!黑暗!感動!大滿足!  #蜘蛛人無家日 #蜘蛛俠不戰無歸,#蜘蛛人無家日 #蜘蛛侠英雄无归,3220,581,131979,UTC+8 2021-12-17 20:43:08
https://www.youtube.com/channel/UCIYA4KPaldLA535gazqX66A,1070000,91,1112583182,玖壹壹,UTC+8 2021-12-17 04:00:09+08:00,https://www.youtube.com/watch?v=KyLxRZBIfX0,玖壹壹(Nine one one) - 母湯對我 SAY NO ft. @Matzka 瑪斯卡 but no Starr Chen 官方MV首播,"～記得開啟CC字幕喔～
嘿！我的寶貝  這是我第一次的R&B，我會認真唱，把我心裡想對妳說的話 唱給妳聽～ Aha～ Yeah～  Come On ！
限定男團「#卡好男孩」以早期你歌我歌伴唱帶的復古影像進行拍攝，除了演唱者三位玖壹壹春風、洋蔥、#Matzka 瑪斯卡，另外還邀來第四位團員製作人Starr Chen共同入鏡，四人造型以相同的男團服裝打造，不管在音樂風格、影像上都希望以一種玖壹壹式的幽默Kuso 90年代的流行元素，希望帶給現代人在生活壓力大的疏解之道。

數位平台 深情放送中👉👉
https://911.lnk.to/Dontsayno2me

--------------------------
演唱者 Artist：玖壹壹、Matzka 瑪斯卡
作詞 Lyricist： 洪瑜鴻、陳皓宇
作曲 Composer：Matzka 瑪斯卡、陳皓宇、洪瑜鴻
製作人 Producer：Matzka 瑪斯卡
編曲 Music Arranger： ARI阿瑞
合聲編寫 Backing Vocal Arranged：ARI阿瑞
合聲 Backing Vocals：ARI阿瑞、陳皓宇、洪瑜鴻、Matzka 瑪斯卡
錄音工程師 Recording Engineer：Matzka 瑪斯卡
錄音室 Recording Studio：陳皓宇的錄音室
人聲處理 Vocal Edit：單為明 Link Shan
混音工程師 Mixing Engineer：單為明 Link Shan
混音工作室 Mixing Studio：Lights Up Studio
母帶後期製作人 Mastering Engineer：Brian Elgin 陸崇樂
母帶製作工作室 Mastering Studio：Resident Studios 這家錄音室
製作統籌 Coordinated by：高智偉 KAO CHIH WEI@ELEVENZMUSIC
製作助理 Production Assistant by：宋佳穎 SUNG CHIA YING@ELEVENZMUSIC

特別感謝 Special Thanks：#陳星翰 Starr Chen、Polyak Tanya、Pratik
--------------------------
頭一次我看到妳就煞到妳
妳的體格是真正水
眼睛很大朵

我想要乎妳來做我的哈妮
真想要問妳
妳甘會願意

乎妳災（我災）
試試看（來 TRY）
我會是妳尚好那個

TONIGHT（I KNOW）
就來（COME ON）

今晚把愛全部放乎出來

母湯對我 SAY NO NO NO NO（DON’T SAY）
乎妳的愛這麼 MORE MORE MORE
啥咪都別 TALK  盡在不言中
愛妳有多深 YOU KNOW
這種感覺這麼 CHILL CHILL CHILL
愛妳卡慘死  我衝衝衝（我會死）
就愛妳這種  妳是我的 WORLD
BABY TONIGHT YOU ARE NOT ALONE

咱兩人的愛情恰恰跳落去（跳落去）
浪漫凝結空氣  想要揪妳出去喝一杯阿比

乎妳災（我災）
試試看（來 TRY）
我會是妳尚好那個

TONIGHT（I KNOW）
就來（COME ON）

今晚把愛全部放乎出來

母湯對我 SAY NO NO NO NO（DON’T SAY）
乎妳的愛這麼 MORE MORE MORE
啥咪都別 TALK  盡在不言中
愛妳有多深 YOU KNOW
這種感覺這麼 CHILL CHILL CHILL
愛妳卡慘死  我衝衝衝
就愛妳這種  妳是我的 WORLD
BABY TONIGHT YOU ARE NOT ALONE

未來我會來陪妳
妳不用煩惱
我會一直陪妳的身邊
BABY YOU ARE NOT ALONE

母湯對我 SAY NO NO NO NO
乎妳的愛這麼 MORE MORE MORE
啥咪都別 TALK  盡在不言中
愛妳有多深 YOU KNOW
這種感覺這麼 CHILL CHILL CHILL
愛妳卡慘死  我衝衝衝
就愛妳這種  妳是我的 WORLD

BABY 走音不是我的錯～

--------------------------
影像製作公司 Production Company：轉轉影像事業有限公司 SHIFT STUDIO CO.
監製 Executive Producer：邱小亮同學 Liang Chiou
導演 Director：薩禾豐 Leo Sa、陳昱廷 Eddie Stone
專案管理 Project Manager：蕭家宜 Iriz
執行導演 Executive Director：張智軒 Edison Chang
導演助理 Assistant to Director：自動鮪魚 Autotuna
製片 Producer：姚舜禹 SHUN
製片助理 Line Producer：錢怡君 ChianYiChun
攝影指導 Director of Photography：塗士謀 TOSMALL
攝影大助 1st C.A.：鐘啟銘 Chi Ming Chung
燈光師 Gaffer：謝松銘 Hsieh sung-ming
顏永紘 YEN YUNG HUNG
燈光助理 Best Boy：顏永紘 YEN YUNG HUNG、陳晉緯 Wii
剪接 Editor : 薩禾豐 Leo Sa
調色 Colorist : 薩禾豐 Leo Sa、自動鮪魚 Autotuna
後期 Post-production：薩禾豐 Leo Sa
平面攝影 Still Photographer：劉冠汶Guanwen Liu

服裝造型 Stylist：陳甯亞 Mia、謝翱 Ao
造型助理 Stylist Assistant：徐長威 Chang Wei Xu
髮型師 Hairstylist：温怡真 Wen Yi Chen、鄭飛鴻 FOX CHENG
彩妝師 Makeup：陳甯亞 Mia、丁詩穎 TING SHIH YIN

藝人經紀 Artist Agency：彭上容 ViLa Peng、沈蔓妮 Vivi Adriana
藝人助理 Assistant to Artist：吳哲儀 Che Yi Wu
執行協力  Executive Coordinator：宋佳穎 SUNG CHIA YING

Matzka 瑪斯卡 藝人團隊 Artist Management Team
經紀公司 Artist Management：十一音樂 ELEVENZ MUSIC
藝人經紀 Artist Agency：胡楠 HU NAN、高智偉 KAO CHIH WEI
執行協力 Executive Coordinator：宋佳潁 SUNG CHIA YING
服裝造型 Stylist：Josing
造型助理 Stylist Assistant：謝翱 HSIEH AO
髮型師 Hairstylist：鄭飛鴻 FOX CHENG
彩妝師 Makeup：丁詩穎 TING SHIH YING

特別感謝 Special Thanks：小貝 Becky",2130,302,40249,UTC+8 2021-12-17 20:43:08
https://www.youtube.com/channel/UCuAzL0PsEngYktHkjNtJKgg,101000,105,47333918,TRASH Band,UTC+8 2021-12-13 07:00:13+08:00,https://www.youtube.com/watch?v=zPupYkCIMBU,TRASH《終究還是因為愛 LOVE》Live in LA (Official Video),"TRASH 2021 全新專輯《Holy Trip!》
數位收聽 🎧 https://trash.lnk.to/HolyTripAY 
實體購買 🛒 https://trash.lnk.to/HolyTripPurchaseAY

《終究還是因為愛  LOVE》
有過掙扎 有過抵抗
讓我們認識這個世界運作的模樣
接納負傷 擁抱失望
愛❤終究會存在我們經過的地方

#TRASH
#終究還是因為愛
#LOVE
#TRASHLiveinLA
#HolyTrip!

影像製作credit：
Performers : 阿夜 / 頤原
Lyrics&Composer：阿夜
Arrangement ：阿夜 / 頤原
Editing：W.LIN / Wayson
Mixing：W.LIN
Mastering：W.LIN 
Filming/Editing：Deven Bussey

__
■ 更多 TRASH 消息：
TRASH 官方 Facebook：https://www.facebook.com/TrashBandTw
TRASH 官方 Instagram：https://www.instagram.com/trashband/
TRASH 官方 Twitter：https://twitter.com/trashbandtw
TRASH 官方微博：https://www.weibo.com/u/3057883437
華納官方 Facebook：https://www.facebook.com/WarnerMusicT...
華納音樂 Instagram：https://www.instagram.com/warnermusictw/
華納音樂 官方 LINE：http://nav.cx/3sTa2ck
華納音樂 官方 TikTok：http://vt.tiktok.com/JPWMLQ/
＿
* 本音樂錄影帶(Music Video)之著作權屬華納國際音樂股份有限公司獨家專屬所有。",5537,114,145678,UTC+8 2021-12-17 20:43:08
https://www.youtube.com/channel/UCCbj_2NvmjtvI-Bg2vVYAgg,,461,5021374,戰爭小劇場,UTC+8 2021-11-22 12:30:04+08:00,https://www.youtube.com/watch?v=9R9T7-n6C34,惡霸欺負姑娘，不料姑娘是司令的人，直接帶軍隊血洗土匪窩！,"大家好，這裏是戰爭小劇場頻道，歡迎大家來訂閱哦！

本頻道主要會更新一些諜戰懸疑抗戰類的短片，喜歡這類題材的可以多多訂閱！

#抗戰 #懸疑 #戰爭小劇場 #諜戰

★ 更多劇集 歡迎關注我們 ★
熱血特戰連Facebook:https://bit.ly/3ihAhlv
兄弟劇場youtube: https://bit.ly/3ijKvBZ
戰爭劇場youtube:https://bit.ly/3kSshJu",392,4,87821,UTC+8 2021-12-17 20:43:08
https://www.youtube.com/channel/UCpIwrUxdPD7kaHQDtUS9TdA,,86,2235107,国漫放映姬,UTC+8 2021-12-17 02:03:22+08:00,https://www.youtube.com/watch?v=W8nw-KdbGz8,（EngSub）💥🔥無刪減版【完美世界】 第37集 1080P藍光,"🔔歡迎小夥伴們，喜歡視頻的小夥伴可以點擊訂閱~
📢這裏將持續為您推薦優質動漫

#漫畫改 #小說改 #動漫 #動畫",4584,254,170353,UTC+8 2021-12-17 20:43:08
https://www.youtube.com/channel/UCl0AXmYD5-9ZwQfafFi81ZA,1410000,1296,397665612,X Factor Indonesia,UTC+8 2021-12-13 16:20:37+08:00,https://www.youtube.com/watch?v=KVA6PekO78o,"Berawal Dari Pengalaman, Danar Widianto Bisa Menghasilkan Lagu - X Factor Indonesia 2021","#Audition01 #XFactorIndonesia2021

Danar Widianto, kontestan dengan original song. Yang menceritakan tentang pengalaman pribadinya yang dulu dibully. Judul lagu yang dinyanyikan oleh Danar Widianto adalah dulu. Lagu yang dibawakan oleh Danar Widianto mendapatkan apresiasi dari para juri.

IT'S TIME TO FACE THE MUSIC!!! 

This is X Factor Indonesia Official YouTube Channel

Robby Purba sebagai host X Factor Indonesia. Dan dengan Ariel 'Noah', BCL, Anang Hermansyah, Rossa, dan Judika ikut meramaikan sebagai juri X Factor Indonesia. 

Follow Us On Social Media :  
Like X Factor Indonesia on Facebook: 
http://www.facebook.com/XFactorID

Follow X Factor Indonesia on Twitter: 
http://twitter.com/XFactorID

Do You Have Instagram, follow us:
https://instagram.com/xfactoridofficial

Follow X Factor Indonesia on SnackVideo:
https://sck.io/u/Bx7Mg6yr",619552,48934,10354668,UTC+8 2021-12-17 20:43:08
https://www.youtube.com/channel/UC8NcK18EgC3wu0jc5QWcvMQ,306000,62,22928411,X FACTOR ID,UTC+8 2021-12-14 15:35:57+08:00,https://www.youtube.com/watch?v=O5MFhmAEV4o,GAN GAN WIGANDI - HATI YANG KAU SAKITI | X FACTOR INDONESIA 2021,"Wow Suara Yang Unik Sekali Untuk Kontestan Satu Ini Dengan Suaranya Yang Tinggi Hingga Membuat Para Judges Tidak Menyangka Mendengar Suaranya, Hingga Judges Judika Dan Judges Rossa Tebak Suara Nadanya Gan Gan.
------------------------------------------------------
Perjalanan baru yang sudah lama dinanti-nantikan kini dimulai dengan sesuatu yang lebih besar.

Setiap langkah ini bersatu lebih dekat untuk menemukan “THE X”

THE NEXT BIG THING IS COMING & IT’S TIME TO FACE THE MUSIC ✨

Saksikan X FACTOR INDONESIA Setiap Senin-Selasa Pkl.18.00 WIB di RCTI.

#XFactorIndonesia2021
#ItsTimeToFaceTheMusic",190275,16194,5338116,UTC+8 2021-12-17 20:43:08
https://www.youtube.com/channel/UCCQvP4hsRW9emj0meGk15jg,473000,19282,306672337,愛爾達體育家族 ELTA Sports,UTC+8 2021-12-14 13:25:40+08:00,https://www.youtube.com/watch?v=MJM_YPe9JBM,【2021 BWF】世錦賽 女單32強 戴資穎 VS Evgeniya KOSETSKAYA,"#小戴 重返國際賽場​
臉上 #滿滿笑容 😄😄😄​
看得出來非常開心~~~
完全享受在場上的每一刻!!!
​
今天​也順利以 21-10、21-14​
擊退俄羽協 Evgeniya KOSETSKAYA​
晉級女單16強！​
​
#戴資穎
#BWF世界羽球錦標賽​
#愛爾達體育3台​
主播：張旖旂／講評：蕭博仁老師
​
今天​也順利以 21-10、21-14​
擊退俄羽協 KOSETSKAYA​
晉級女單16強！​
​
#戴資穎
#BWF世界羽球錦標賽​
#愛爾達體育3台​
主播：張旖旂／講評：蕭博仁老師

#BWF羽球鎖定愛爾達
#中華電信MOD
#愛爾達體育3台
===========================
加入我們看更多：
• FB
https://www.facebook.com/ELTASPORTS
• IG
https://www.instagram.com/elta_sports
• Line@
https://lin.ee/8PXYdOg
• ELTA購物網
https://www.eltago.tv/
• ELTA.TV
https://eltaott.tv/",1778,136,145530,UTC+8 2021-12-17 20:43:08
