channel_url,total_video_count,subscriber_count,total_views_count,channel_title,published_at,video_url,title,comment_count,view_count,update_time
https://www.youtube.com/channel/UCgaEHWsvt6-m6fvnGS5gGxA,541000,1854,279716871,è²æ—ä¹‹ç‹ Jungle Voice,UTC+8 2021-12-18 16:00:04+08:00,https://www.youtube.com/watch?v=CL74o7_YbYQ,ã€è²æ—ä¹‹ç‹3ã€‘EP3 å®Œæ•´ç‰ˆ ä¸€å°ä¸€å»æ®ºæˆ°  é‚±è»é„ºæ¾¤æ±ã€Šæµæµªè¨˜ã€‹æ’æ­ŒPKå¤ªéœ‡æ’¼  å°å®‡ç›´å‘¼å¤ªæ‰¯!  é˜¿è˜­é…·ç©èˆå°å°å¸«ç˜‹ç‹‚ç¤ºæ„›  éƒ­å®¶ç‘‹ä¸€é–‹å£è‰¾æ€¡è‰¯å°±è²·å–®ï½œåº¾æ¾„æ…¶ å¾ä½³ç‘©ï½œJungle Voice 3,1083,389770,UTC+8 2021-12-20 13:14:26
https://www.youtube.com/channel/UC0SkNQXPJ60hKEFubOz0fDA,763000,1979,442753659,Dinter,UTC+8 2021-12-17 12:46:49+08:00,https://www.youtube.com/watch?v=whyLn0pGGkU,ã€DinTerã€‘#ä¸å¿äº† åŠ‰æŸåœ’çµ¦æˆ‘é€²ä¾† å›æ‡‰éŠæˆ²æ©˜å­å°æˆ‘çš„å‘Šè¨´è²æ˜  å…¨é¢é–‹æˆ°,2571,545060,UTC+8 2021-12-20 13:14:26
https://www.youtube.com/channel/UC2TuODJhC03pLgd6MpWP0iw,1200000,130549,2124103658,ä¸‰ç«‹LIVEæ–°è,UTC+8 2021-12-18 12:04:16+08:00,https://www.youtube.com/watch?v=LwvTHJCTKlU,å°ç£æƒ³è¦èµ°å‘ä¸–ç•Œï¼è”¡è‹±æ–‡ï¼šé€™æ˜¯å…¬æ°‘æ„å¿—å±•ç¾ å››å¤§å…¬æŠ•å…¨æ“‹ä¸‹é–‹ç¥¨ç¾å ´å…¨ç¨‹ï½œ ã€ç›´æ’­å›æ”¾ã€‘20211218| ä¸‰ç«‹æ–°èå°,285,616657,UTC+8 2021-12-20 13:14:26
https://www.youtube.com/channel/UCLW_SzI9txZvtOFTPDswxqg,2180000,699,613155613,æœ¨æ›œ4è¶…ç©,UTC+8 2021-12-16 15:30:12+08:00,https://www.youtube.com/watch?v=TEC-e4fHC6s,ã€Šä¸€æ—¥ç³»åˆ—SPã€‹ç¬¬äºŒå±†æœ¨æ›œè·¨ç•Œæ¼”å”±æœƒAwakening- EP2  feat. 9m88ã€Ã˜ZIã€ç›§å»£ä»²ã€è€ç‹æ¨‚éšŠã€é™³çŠå¦®ã€æ—ºç¦ã€å®‡å®™äºº,1525,1015074,UTC+8 2021-12-20 13:14:26
https://www.youtube.com/channel/UC4twJx3tfIIdmnC_zsuP45Q,117000,3659,66076972,94è¦å®¢è¨´,UTC+8 2021-12-18 11:54:13+08:00,https://www.youtube.com/watch?v=2jC7w2o9vyg,å››å€‹ä¸åŒæ„å…¬æŠ•éé—œé–‹ç¥¨å…¨è¨˜éŒ„ï¼åæ ¸å››+æŒºç¾è±¬+åä¸‰æ¥+åå…¬æŠ•ç¶å¤§é¸æˆåŠŸï¼é€£ç·šYAHOO!TVé„‰æ°‘å¤§æœƒç¯€ç›®éš”ç©ºäº¤ç«ï¼è”¡è‹±æ–‡è³´è˜‡vs.æœ±ç«‹å€«è¶™ä¾¯å°æˆ°ï¼å…¬æŠ•ä¸éæˆ°çŠ¯æ˜¯ç‹åŠ›å®ã€94è¦å®¢è¨´ã€‘2021.12.08,316,457443,UTC+8 2021-12-20 13:14:26
https://www.youtube.com/channel/UC0UX_EK8-UuBi-OrkmWB6eA,307000,3868,204271503,ä¸­å¤©å¨›æ¨‚é »é“,UTC+8 2021-12-18 02:13:11+08:00,https://www.youtube.com/watch?v=VYNfu0dDa-Y,ã€æ’©æ˜Ÿèã€‘ã€Šåº·ç†™ã€‹å°æœ¬æœ¬æ—©å°±çˆ†éç‹åŠ›å®å¬å¦“ï¼Ÿï¼  ã€Œé…’åº—ç©è¶…å…‡ã€åš‡å£å°S,934,1000670,UTC+8 2021-12-20 13:14:26
https://www.youtube.com/channel/UCCQvP4hsRW9emj0meGk15jg,474000,19300,308187389,æ„›çˆ¾é”é«”è‚²å®¶æ— ELTA Sports,UTC+8 2021-12-18 10:44:37+08:00,https://www.youtube.com/watch?v=JD9FD2678AU,ã€2021 BWFã€‘ä¸–éŒ¦è³½ å¥³å–®å››å¼· æˆ´è³‡ç©  VS ä½•å†°å¬Œ,355,291821,UTC+8 2021-12-20 13:14:26
https://www.youtube.com/channel/UC2TuODJhC03pLgd6MpWP0iw,1200000,130549,2124103658,ä¸‰ç«‹LIVEæ–°è,UTC+8 2021-12-19 01:14:41+08:00,https://www.youtube.com/watch?v=VWtSM2oLSM4,"é¡å®¶ç‹åœ‹é¢è‡¨""ç“¦è§£""å±æ©Ÿ? åœ‹æ°‘é»¨å››å¤§å…¬æŠ•å…¨è¢«""ç¿»ç›¤"" é¡å®¶ç¥¨å€‰æ²™é¹¿""ä¸åŒæ„ç¥¨""æè¡æ“Šä¸­äºŒé¸å€è£œé¸! æ¨™å“¥æ€¥å¹«å…’å­æ”¹""æˆ°æ³•""?â”‚å‘‚æƒ æ•ä¸»æŒâ”‚ã€é©šçˆ†æ–°èç·š å®Œæ•´ç‰ˆã€‘20211218â”‚ä¸‰ç«‹æ–°èå°",689,272788,UTC+8 2021-12-20 13:14:26
https://www.youtube.com/channel/UC8ROUUjHzEQm-ndb69CX8Ww,705000,137352,1128181673,å°è¦–æ–°è TTV NEWS,UTC+8 2021-12-18 13:25:22+08:00,https://www.youtube.com/watch?v=aq6Qnr_ZvHc,ã€å®Œæ•´å…¬é–‹ã€‘LIVE å››å¤§å…¬æŠ•é–‹ç¥¨ æœ€æ–°é€²åº¦ç‰¹åˆ¥å ±å°,42,367004,UTC+8 2021-12-20 13:14:26
https://www.youtube.com/channel/UCpu3bemTQwAU8PqM4kJdoEQ,1560000,162066,1837088502,ä¸­å¤©æ–°è,UTC+8 2021-12-17 23:52:02+08:00,https://www.youtube.com/watch?v=zouhhJMyb08,"çˆ†ç‹åŠ›å®è£½ä½œèŠ±åå†Šç´€éŒ„å¬å¦“å°è±¡ç‰¹å¾µ æéšè•¾ä¸€çœ‹å´©æ½°ï¼šéƒ½æ˜¯èº«é‚Šäººï½œè¢«ç¶²å½±å°„æ˜¯ç‹åŠ›å®å‡ºè»Œäººå¦»? å¾è‹¥ç‘„å‡Œæ™¨æ€’ç™¼è²""è¦æå‘Š""@ä¸­å¤©æ–°è",1930,827437,UTC+8 2021-12-20 13:14:26
https://www.youtube.com/channel/UCXxAXdFh-cuYXU289kd-pNQ,358000,327,92899250,å…¨æ˜æ˜Ÿé‹å‹•æœƒ,UTC+8 2021-12-14 04:00:11+08:00,https://www.youtube.com/watch?v=-M9CK7BhwR0,ç›®æ¨™é–å®šï¼ä»–å°±æ˜¯æˆ‘çš„ç‹€å…ƒï¼é€Ÿåº¦ä»¤äººéœ‡é©šã€åˆ†éšŠä»¤äººéœ‡é©šï¼ŒéŒ¢å§Šä¸€å€‹æŒ‡åï¼Œå°å‚‘çš„æ­¥èª¿å…¨éƒ¨è¢«æ‰“äº‚å•¦ï½å„è‡ªçµ„æˆæœ€å¼·é™£å®¹ï¼Œç´…è—æ­£å¼æˆè»ï¼å…¨æ˜æ˜Ÿé‹å‹•æœƒS3 EP2ï¼šéŒ¢å‚‘ä¹‹çˆ­ï½œæ°¸ä¿¡è—¥å“,2457,1257490,UTC+8 2021-12-20 13:14:26
https://www.youtube.com/channel/UC6FcYHEm7SO1jpu5TKjNXEA,3450000,257,994416569,é€™ç¾¤äººTGOP,UTC+8 2021-12-15 11:01:43+08:00,https://www.youtube.com/watch?v=TzWhAj4JiOc,é€™ç¾¤äºº TGOP â”‚æ–œå¹¹é’å¹´çƒé‹åº— The Slashie Shoes Store ft.å‘¨æ¹¯è±ªã€æ¾æ°æ°,783,758209,UTC+8 2021-12-20 13:14:26
https://www.youtube.com/channel/UCCPYSMEnbeepGM7RU6qxyUA,223000,3809,133279489,Museæœ¨æ£‰èŠ±-é—”å®¶æ­¡,UTC+8 2021-12-18 10:00:09+08:00,https://www.youtube.com/watch?v=hnqXKF9FOXA,ã€æœŸé–“é™å®šã€‘è Ÿç­†å°æ–°ã€Œæƒ³çœ‹éš”å£è€ä¼¯çš„é•·ç›¸ã€å°å–®å…ƒ07ï½œMuseé—”å®¶æ­¡ å‹•ç•« å…è²»çœ‹,42,134128,UTC+8 2021-12-20 13:14:26
https://www.youtube.com/channel/UCCSZ1P-Gas8IIgzXAwV0YFA,334000,365,37589476,è”¡å“¥,UTC+8 2021-12-17 11:30:15+08:00,https://www.youtube.com/watch?v=Di1HgiFr_Ks,è”¡å“¥-æˆ‘ä¸å¯èƒ½æŠ½ç±¤æŠ½åˆ°æ³±æ³±å§?! @ä¸€éš»é˜¿åœ“ I am CIRCLE @çœ¾é‡ç´šCROWD @é»ƒæ°å…„å¼Ÿ @è¦‹ç¿’ç¶²ç¾å°å³ @WINNIæº«å¦® @æ³±æ³±LYNN @é˜¿éƒ¨ç‘ªåˆ©äº Maria Abe Vlog#12,790,214807,UTC+8 2021-12-20 13:14:26
https://www.youtube.com/channel/UCBuHkb1AS_yRQ71meFNQ3VQ,828000,10524,535932083,å¹´ä»£å‘éŒ¢çœ‹,UTC+8 2021-12-18 14:17:12+08:00,https://www.youtube.com/watch?v=jkQGT7OKxb0,å››å¤§å…¬æŠ•!åèŠè±¬?æ ¸å››é‡å•Ÿ?æœ±ä¾¯å…§æˆ°?!è”¡è‹±æ–‡æ‹šå››å€‹ä¸åŒæ„!,850,246434,UTC+8 2021-12-20 13:14:26
https://www.youtube.com/channel/UCWMVRHb14c9zPfB6d41IrlA,subscriber is hidden,344,53317002,è¦è«‡å¨›å­é†¬,UTC+8 2021-12-19 12:08:32+08:00,https://www.youtube.com/watch?v=1UarBfdkor4,æéšè•¾çˆ†å‰å¤«ã€Œå¬å¦“èŠ±åå†Š!ã€ç‹åŠ›å®æœ‰å¤šæ¸£ï¼Ÿåœˆå­è£¡çš„äººæ—©å°±çŸ¥é“äº†ï¼#å°S #åº·ç†™ä¾†äº† #åº·ç†™å°æœ¬æœ¬ #éƒ­ä¸–å€« #å¾è‹¥ç‘„ #by2 #é›¢å©šçœŸç›¸,1217,522698,UTC+8 2021-12-20 13:14:26
https://www.youtube.com/channel/UCHBv5vSp3pETSLq8oWTsmqA,523000,101607,533723547,å¹´ä»£æ–°èCH50,UTC+8 2021-12-19 07:59:54+08:00,https://www.youtube.com/watch?v=mu5iPlNn6vc,ã€é›…ç´çœ‹ä¸–ç•Œã€‘å…¬æŠ•ç‰¹åˆ¥å ±å°ã€€å››å€‹ä¸åŒæ„ ã€€ç¶ å¼·å‹¢å£“è— ï¼ è—æ‰¾æˆ°çŠ¯ æ·±è—ç‹‚å—†ä¾¯ç›§ ï¼ å…¬æŠ•ç¶ æ­¢è¡€ 1ï¼9é¸ç½·ç©©ï¼Ÿ ï¼ ç¼ºé›»ç¶“è²¿ç¢°å£ã€€é‚„ç”©é‹èª°ï¼Ÿ,817,86451,UTC+8 2021-12-20 13:14:26
https://www.youtube.com/channel/UCCQvP4hsRW9emj0meGk15jg,474000,19300,308187389,æ„›çˆ¾é”é«”è‚²å®¶æ— ELTA Sports,UTC+8 2021-12-17 10:27:02+08:00,https://www.youtube.com/watch?v=fEIN0_LExvk,ã€2021 BWFã€‘ä¸–éŒ¦è³½ å¥³å–®å…«å¼· æˆ´è³‡ç© VS è¾›åº¦,245,250708,UTC+8 2021-12-20 13:14:26
https://www.youtube.com/channel/UCMUnInmOkrWN4gof9KlhNmQ,subscriber is hidden,214,1071469683,è€é«˜èˆ‡å°èŒ‰ Mr & Mrs Gao,UTC+8 2021-12-15 13:14:15+08:00,https://www.youtube.com/watch?v=vGdg7YC0B6g,ä¸€å€‹è¢«å°å°çš„äº‹ä»¶ | è€é«˜èˆ‡å°èŒ‰ Mr & Mrs Gao,4915,2628756,UTC+8 2021-12-20 13:14:26
https://www.youtube.com/channel/UC0Q-fBheHysYWz9ObSEzMdA,971000,401,141320856,è¶…ç²’æ–¹,UTC+8 2021-12-19 12:45:12+08:00,https://www.youtube.com/watch?v=pisxyvW8pxU,ã€Šèœ˜è››äºº:ç„¡å®¶æ—¥ã€‹å®Œæ•´å½©è›‹è§£æ è£‚ç¸«ä¸­çš„äººç‰©æ˜¯èª°?éˆé­‚å‡ºç«…ç‚ºä»€éº¼é‚„èƒ½å‹•? ä½ éŒ¯éçš„æ‰€æœ‰ç´°ç¯€! | è¶…ç²’æ–¹,1168,351203,UTC+8 2021-12-20 13:14:26
https://www.youtube.com/channel/UCJWBmkMzZHHJIpGYgIGm7mw,517000,151,97551695,Onion Man æ´‹è”¥èˆ‡é˜¿æ–‡ ç¬¬äºŒçŸ­å»¢ç‰‡é »é“,UTC+8 2021-12-19 12:30:12+08:00,https://www.youtube.com/watch?v=NDlBWXJnEEM,ã€æ´‹è”¥coverã€‘ã€Šå¦‚æœå¯ä»¥ã€‹ç¤ºæ„›é˜¿æ¬Šç‰ˆ | éŸ‹ç¦®å®‰ | é›»å½±ã€Œæœˆè€ã€ä¸»é¡Œæ›² | Onion Man @æ‹³çˆº,2182,161411,UTC+8 2021-12-20 13:14:26
https://www.youtube.com/channel/UCLG2sbIo3Rktb77h6q9yuDw,293000,5937,290018136,é„­çŸ¥é“äº†,UTC+8 2021-12-18 15:30:14+08:00,https://www.youtube.com/watch?v=R0osi-Wrcqg,"æŠ“æˆ°çŠ¯æŠ“åˆ°""ä»–""èº«ä¸Šï¼é›»è¦–å°ç¯€ç›®ç«Ÿç¨±""æéšè•¾æ˜¯è”¡è‹±æ–‡çµ‚æ¥µæ­¦å™¨"" æ›ç¥¨é‚„æ²’é–‹å®Œ...ä¾¯å‹å®œè‡‰æ›¸å°±é­çŒçˆ†é–‹å—†""æ»¾å‡ºåœ‹æ°‘é»¨"" éº»ç…©å¤§äº†ï¼Ÿâ”‚é„­å¼˜å„€ä¸»æŒâ”‚ã€é„­çŸ¥é“äº† PART2ã€‘20211218â”‚ä¸‰ç«‹iNEWS",1439,302413,UTC+8 2021-12-20 13:14:26
https://www.youtube.com/channel/UC9zY_E8mcAo_Oq772LEZq8Q,5510000,295,1618274036,THE FIRST TAKE,UTC+8 2021-12-17 13:00:13+08:00,https://www.youtube.com/watch?v=Z2Z9V-4DMGw,miletÃ—AimerÃ—å¹¾ç”°ã‚Šã‚‰ - ãŠã‚‚ã‹ã’ (produced by Vaundy) / THE FIRST TAKE,7786,3554081,UTC+8 2021-12-20 13:14:26
https://www.youtube.com/channel/UC7ovu6a8ydIbDy0fAKmoZ9A,2570000,1725,3289927785,ç›¸ä¿¡éŸ³æ¨‚BinMusic,UTC+8 2021-12-16 12:00:19+08:00,https://www.youtube.com/watch?v=caxiOmSWWEM,å‘Šäº”äºº Accusefive [ å¥½ä¸å®¹æ˜“ Finally ] Official Music Video  ( æˆ²åŠ‡ã€Šè¯ç‡ˆåˆä¸Šã€‹ç‰‡å°¾æ›² ),236,412270,UTC+8 2021-12-20 13:14:26
https://www.youtube.com/channel/UC0Q-fBheHysYWz9ObSEzMdA,971000,401,141320856,è¶…ç²’æ–¹,UTC+8 2021-12-18 04:00:14+08:00,https://www.youtube.com/watch?v=uoIAqfRe1Vc,ã€å½±è©•ã€‘å²ä¸Šæœ€æ„Ÿå‹•çš„æ¼«å¨é›»å½± è¶…è¶Šçµ‚å±€ä¹‹æˆ°çš„çˆ½? | èœ˜è››äºº:ç„¡å®¶æ—¥ | è¶…ç²’æ–¹,1844,543481,UTC+8 2021-12-20 13:14:26
https://www.youtube.com/channel/UCHBv5vSp3pETSLq8oWTsmqA,523000,101607,533723547,å¹´ä»£æ–°èCH50,UTC+8 2021-12-18 12:19:58+08:00,https://www.youtube.com/watch?v=zf31OLmsDeU,2021/12/18  å››å¤§å…¬æŠ•é–‹ç¥¨çµæœ,84,164588,UTC+8 2021-12-20 13:14:26
https://www.youtube.com/channel/UCDrswN-SqWh7Kii62h9aXGA,1440000,435,394709845,STR Network,UTC+8 2021-12-17 12:00:12+08:00,https://www.youtube.com/watch?v=68zvlrMVInk,ã€#ç‹—å±å¯«æ‰‹ã€‘èª°èªªé¾æ˜è»’ä¸æ•¢ä¾†çš„ï¼Ÿ,995,498983,UTC+8 2021-12-20 13:14:26
https://www.youtube.com/channel/UC2ujNMV-_Onh3vMdcStSAWA,subscriber is hidden,129,6231583,ç¾¤æ˜Ÿæœƒ,UTC+8 2021-12-17 09:59:09+08:00,https://www.youtube.com/watch?v=3uWRRGlM57A,80æ­²é™³æ¾å‹‡ç—…é€ï¼ä¸€ç”Ÿæœªå©šè†ä¸‹ç„¡å­ï¼Œéºå›‘æ›å…‰ç™¾è¬éºç”¢å»å‘é©šäºº#é™³æ¾å‹‡ #é™³æ¾å‹‡å»ä¸– #é™³æ·‘èŠ³ #å‘¨æ½¤ç™¼ #ç¾¤æ˜Ÿæœƒ,10,268194,UTC+8 2021-12-20 13:14:26
https://www.youtube.com/channel/UCGyn3Y7NOSCHjFM_eJqydRA,426000,789,109517295,AFF Suzuki Cup,UTC+8 2021-12-19 15:08:12+08:00,https://www.youtube.com/watch?v=_mpVPbXd_Sc,Malaysia vs Indonesia | #AFFSuzukiCup2020 Group Stage,49,150070,UTC+8 2021-12-20 13:14:26
https://www.youtube.com/channel/UC9Jg2g6noEx2J2tgFpmlAGA,subscriber is hidden,760,50033000,é¢¨è¯çµ•ä»£,UTC+8 2021-12-18 02:51:45+08:00,https://www.youtube.com/watch?v=y0clZtRHVtE,åˆèµ°ä¸€å€‹ï¼é™³æ¾å‹‡ç”Ÿå‰ä¸€å¹•æ›å…‰çœ‹å“­çœ¾äººï¼Œ200è¬éºç”¢å»å‘å…§å¹•é©šäººï¼Œèˆ‡è²å‚­çœŸå¯¦é—œä¿‚çä¸ä½ï¼#é™³æ¾å‹‡å»ä¸–#é¢¨è¯çµ•ä»£,0,90964,UTC+8 2021-12-20 13:14:26
https://www.youtube.com/channel/UCAaTK8YjjSu92M_GLOK3Clg,23000,8533,12989158,æ”¿å¸¸ç™¼æ®,UTC+8 2021-12-17 11:00:20+08:00,https://www.youtube.com/watch?v=jI51As3VKMs,é™³æ¾å‹‡ç—…é€ï¼ç”Ÿå‰æ›¾å–Šã€ŒéŒ¢å¤šåˆ°ä¸çŸ¥æ€éº¼èŠ±ã€ç™¾è¬è²¡ç”¢ç•™çµ¦å¥¹â”‚æ”¿å¸¸ç™¼æ®,22,66844,UTC+8 2021-12-20 13:14:26
https://www.youtube.com/channel/UCSI11yVCM5x45_iiL5YcQZw,1130000,159,291376270,Priscilla Abby è”¡æ©é›¨,UTC+8 2021-12-17 11:00:12+08:00,https://www.youtube.com/watch?v=UqR9qFekEGg,éŸ‹ç¦®å®‰ã€Šå¦‚æœå¯ä»¥ã€‹Cover ( è”¡æ©é›¨ Priscilla Abby),292,245299,UTC+8 2021-12-20 13:14:26
https://www.youtube.com/channel/UCiewBSUlxrhoyn6oTNt0ilw,201000,62,9195555,æ³±æ³±LYNN,UTC+8 2021-12-17 11:00:12+08:00,https://www.youtube.com/watch?v=zRyYC_LPW7A,å…¨å ´æœ€é©šè‰·ï¼99å…ƒé©šå–œç¦®ç‰©è®“ä»–å€‘è‡‰éƒ½å®äº†ï¼feat. @ä¸€éš»é˜¿åœ“ I am CIRCLE@é˜¿éƒ¨ç‘ªåˆ©äº Maria Abe@WINNIæº«å¦®@è”¡å“¥@çœ¾é‡ç´šCROWD@é»ƒæ°å…„å¼Ÿ@è¦‹ç¿’ç¶²ç¾å°å³ï½œğŸŒ±æ³±æ³±LYNN,257,168860,UTC+8 2021-12-20 13:14:26
https://www.youtube.com/channel/UC9_uMIKL8bjYVATV89yASDA,subscriber is hidden,308,55636015,é–’å¨›è¨˜,UTC+8 2021-12-16 10:00:31+08:00,https://www.youtube.com/watch?v=hCFh2QRD_qY,å¾¹åº•çµæŸ8å¹´å©šå§»ï¼ç‹åŠ›å®ä¸å†éš±çï¼Œèªªå‡ºç•¶å¹´å¨¶æéšè•¾çš„çœŸç›¸ï¼çœŸå¯¦æ€§å‘çä¸ä½ï¼Œ30å„„è²¡ç”¢ä½•å»ä½•å¾ï¼Ÿ#æé›²è¿ª #é–’å¨›è¨˜ #ç‹åŠ›å® #æéšè•¾,386,331192,UTC+8 2021-12-20 13:14:26
https://www.youtube.com/channel/UCexpzYDEnfmAvPSfG4xbcjA,184000,143362,132608128,å…¬è¦–æ–°èç¶²,UTC+8 2021-12-18 12:08:31+08:00,https://www.youtube.com/watch?v=Gsbrs0H9dIQ,ã€#PLiveã€‘èšç„¦1218ã€‹2021 å…¨æ°‘å…¬æŠ•é–‹ç¥¨ç‰¹åˆ¥å ±å°,28,111557,UTC+8 2021-12-20 13:14:26
https://www.youtube.com/channel/UCIYA4KPaldLA535gazqX66A,1070000,91,1113283564,ç–å£¹å£¹,UTC+8 2021-12-17 04:00:09+08:00,https://www.youtube.com/watch?v=KyLxRZBIfX0,ç–å£¹å£¹(Nine one one) - æ¯æ¹¯å°æˆ‘ SAY NO ft. @Matzka ç‘ªæ–¯å¡ but no Starr Chen å®˜æ–¹MVé¦–æ’­,623,175733,UTC+8 2021-12-20 13:14:26
https://www.youtube.com/channel/UCgaEHWsvt6-m6fvnGS5gGxA,541000,1854,279716871,è²æ—ä¹‹ç‹ Jungle Voice,UTC+8 2021-12-11 16:00:13+08:00,https://www.youtube.com/watch?v=SL7PZCPifXI,ã€è²æ—ä¹‹ç‹3ã€‘EP2 å®Œæ•´ç‰ˆ ç¾¤ç¸é›†çµ J.Sheonéš”ç©ºåŠ›æ¨åŒç†  ææ°æ˜å¿«å˜´RAPé»ç‡ƒå¢æ—æˆ°ç« ç›¸æ„›ç›¸æ®ºä¸‰æ¶ä¸€ï½œåº¾æ¾„æ…¶  å¾ä½³ç‘©  å¾è‹¥ç‘„  Lulué»ƒè·¯æ¢“èŒµï½œJungle Voice 3,1152,852966,UTC+8 2021-12-20 13:14:26
https://www.youtube.com/channel/UCGbqa6zyWmkOJHp5QefjTrg,541000,521,89747891,High A Day,UTC+8 2021-12-16 13:00:13+08:00,https://www.youtube.com/watch?v=nf3yY3VzBOo,æ¯”åœ°ç„é‚„å¯æ€•çš„é‡œå±±å…„å¼Ÿç¦ç¥‰é™¢?åˆ°åº•æ˜¯ç”šéº¼æ¨£çš„åœ°æ–¹å‘¢?,282,187469,UTC+8 2021-12-20 13:14:26
https://www.youtube.com/channel/UCi2GvcaxZCN-61a0co8Smnw,319000,552,44078442,é¤¨é•·æƒ¡åæ˜­å½°,UTC+8 2021-12-17 15:46:51+08:00,https://www.youtube.com/watch?v=1FWiuAdhb5g,ã€é¤¨é•·ç²¾è¯ã€‘è«‡ä¸ç‰¹è¢«éŠæˆ²å…¬å¸æå‘Š / é¤¨é•·æŒºä½ ,965,224014,UTC+8 2021-12-20 13:14:26
https://www.youtube.com/channel/UCeMjhoCCvujpObnt6yeZeNg,626000,2705,353629693,Garena å‚³èªªå°æ±º,UTC+8 2021-12-18 15:06:44+08:00,https://www.youtube.com/watch?v=wloE2WDkybQ,AIC 2021ï½œSemi Finals  å››å¼·è³½ Day2 - 2021/12/18 ã€ŠGarena å‚³èªªå°æ±ºã€‹,299,449991,UTC+8 2021-12-20 13:14:26
https://www.youtube.com/channel/UCpgt8SEyAy5tbr9BzVK8Lsg,1240000,574,259987786,é­šä¹¾,UTC+8 2021-12-18 11:05:15+08:00,https://www.youtube.com/watch?v=3gKP2EV-cqg,ã€é­šä¹¾ã€‘åœ°æ¿ç ´æ´ã€æ±¡æ¼¬æ•é ­ã€è¶…å¤§èœ˜è››...ä½ è·Ÿæˆ‘èªªé€™ä¸€æ™šè¦ä¸‰è¬ï¼Ÿè¶…é›·æº«æ³‰æœƒé¤¨ï¼,832,157635,UTC+8 2021-12-20 13:14:26
https://www.youtube.com/channel/UCiwt1aanVMoPYUt_CQYCPQg,816000,8085,361977478,å…¨çƒå¤§è¦–é‡,UTC+8 2021-12-19 16:10:49+08:00,https://www.youtube.com/watch?v=fu3nJz6-RgE,"ã€åœ‹éš›ç›´çƒå°æ±ºã€‘""ç¶“è²¿.ç§‘æŠ€.å¤ªç©º.."" ç¿’æ™®æœƒè«‡""ä¸­ä¿„åˆä½œæ›´ç·Šå¯†"" æ‹œç™»æ”¿åºœç§‘æŠ€åœå µ""æ…˜è¸¢éµæ¿"" @å…¨çƒå¤§è¦–é‡  20211219å®Œæ•´ç‰ˆ",556,251339,UTC+8 2021-12-20 13:14:26
https://www.youtube.com/channel/UC0UX_EK8-UuBi-OrkmWB6eA,307000,3868,204271503,ä¸­å¤©å¨›æ¨‚é »é“,UTC+8 2021-12-18 05:30:02+08:00,https://www.youtube.com/watch?v=H5ypHdCH5TA,ã€æ’©æ˜Ÿèã€‘ã€Šåº·ç†™ã€‹10å¹¾å¹´å‰å°Sæ—©å°±çŸ¥é“?! ç‹åŠ›å®ä¸æ–·å¡‘é€ å„ªè³ªå½¢è±¡ é»˜èªè‡ªå·±å¾ˆæ­£ç›´,285,315056,UTC+8 2021-12-20 13:14:26
https://www.youtube.com/channel/UCCPYSMEnbeepGM7RU6qxyUA,223000,3809,133279489,Museæœ¨æ£‰èŠ±-é—”å®¶æ­¡,UTC+8 2021-12-19 10:00:13+08:00,https://www.youtube.com/watch?v=JTIB3rU0neM,ã€æœŸé–“é™å®šã€‘è Ÿç­†å°æ–°ã€Œå‡ºå€‹é–€çœŸä¸å®¹æ˜“ã€å°å–®å…ƒ09ï½œMuseé—”å®¶æ­¡ å‹•ç•« å…è²»çœ‹,23,63615,UTC+8 2021-12-20 13:14:26
https://www.youtube.com/channel/UC1pj9ugnv0PKVNK79CKV3Kg,subscriber is hidden,628,23987405,æ˜Ÿå¨›æ¨‚,UTC+8 2021-12-15 12:00:18+08:00,https://www.youtube.com/watch?v=fyCdmj9KCAo,8å¹´å©šå§»å°±æ­¤å‘Šå¹ï¼å‰å¦»æéšè•¾å«æ·šæ›å…‰ å…§å¹•é©šäººï¼Œé–ƒå©šé–ƒé›¢èƒŒå¾Œå¦æœ‰éš±æƒ…ï¼Œç‹åŠ›å®çœŸå¯¦æ€§å‘çä¸ä½ï¼#æ˜Ÿå¨›æ¨‚#æéšè•¾#ç‹åŠ›å®#,194,298649,UTC+8 2021-12-20 13:14:26
https://www.youtube.com/channel/UCIECJyQ6meDyN-UnVHgXAMA,1450000,9949,1413983995,å°ç£é”äººç§€,UTC+8 2021-12-16 12:00:27+08:00,https://www.youtube.com/watch?v=qYg9GyH363A,ã€é™ªå¦¹å¦¹åƒåŠ æµ·é¸è‡ªå·±å»çˆ†ç´…ï¼ å“¥å“¥ç©¿é€å—“éŸ³ä¸€é–‹å£é©šè‰·å…¨å ´ã€‘ï½œ@NYLE å¥ˆè€³,347,1098775,UTC+8 2021-12-20 13:14:26
https://www.youtube.com/channel/UCVF3bTd3dxM4IfOMFCbNADA,953000,653,314686117,å¡æè«¾ç‹‚æ–°è,UTC+8 2021-12-19 04:00:08+08:00,https://www.youtube.com/watch?v=gWlL5TWsoDc,ã€1219ã€‘å¡æè«¾ç‹‚æ–°è#302 è³€ï¼ç¾ç±å°ç£äººç‹åŠ›å®å›å®¶ï¼,681,263797,UTC+8 2021-12-20 13:14:26
https://www.youtube.com/channel/UCeF6JP-sxqJnznCAQo_K66g,497000,11158,772168351,å™“!æ˜Ÿè,UTC+8 2021-12-19 06:20:10+08:00,https://www.youtube.com/watch?v=SzFPvuw2J3o,è¶…èªçœŸèª¿æŸ¥å±€ï¼ç‹åŠ›å®ã€Œä½ ä¸çŸ¥é“çš„äº‹ã€ç¯‡,195,80353,UTC+8 2021-12-20 13:14:26
https://www.youtube.com/channel/UC5nwNW4KdC0SzrhF9BXEYOQ,1850000,288856,3516726400,TVBS NEWS,UTC+8 2021-12-19 01:23:38+08:00,https://www.youtube.com/watch?v=23lIToqOmHI,æ–°!ç‹çˆ¶æ•‘å­é­æéšè•¾æ´—è‡‰ è¦æ±‚ç‹åŠ›å®15:00å‰é“æ­‰ï½œTVBSæ–°è,2749,505786,UTC+8 2021-12-20 13:14:26
https://www.youtube.com/channel/UCz_rK02a3hnmMOOUSmFQo2w,459000,1413,96139423,æ­£å¸¸ç™¼æ®,UTC+8 2021-12-16 15:17:06+08:00,https://www.youtube.com/watch?v=kk_CtLIvEbU,"ã€æ­£å¸¸ç™¼æ®PiMWã€‘500è¬äººç«™å‡ºä¾†!æ±ºæˆ°48hræ‹‰ä¸‹é¨™å­ ç¨å®¶å°ˆè¨ªé«˜é‡‘ç´ æ¢…!è½Ÿè”¡""æˆ‘ä¸å¾—ä¸æˆ°""ç¨!é›»è©±""é¨™æŠ•ä¸åŒæ„ç¥¨""å¥§æ­¥æ›å…‰ éª¯é«’ä¹Ÿè¦è´?ç¶²æ€’:å››å€‹éƒ½åŒæ„äº†@æ­£å¸¸ç™¼æ®  20211216å®Œæ•´ç‰ˆ",965,218228,UTC+8 2021-12-20 13:14:26
